group_type,group_value,metric,count,mean,std,p50,p90
all,all,current_task_attribution_ratio,60000,0.9999999999999796,1.513695197862018e-14,0.999999999999982,0.99999999999999
all,all,signed_current_task_share,60000,0.999999998644726,2.6045494911648837e-08,0.9999999965565196,1.0000000344524125
all,all,current_task_absolute_share,60000,0.9999999999999796,1.513695197862018e-14,0.999999999999982,0.99999999999999
all,all,previous_tasks_absolute_share,60000,0.0,0.0,0.0,0.0
all,all,other_absolute_share,60000,0.0,0.0,0.0,0.0
stage,early,current_task_attribution_ratio,20000,0.9999999999999796,1.501593891232767e-14,0.999999999999982,0.99999999999999
stage,early,signed_current_task_share,20000,0.9999999987093184,2.607531968623881e-08,0.9999999967232364,1.0000000344846827
stage,early,current_task_absolute_share,20000,0.9999999999999796,1.501593891232767e-14,0.999999999999982,0.99999999999999
stage,early,previous_tasks_absolute_share,20000,0.0,0.0,0.0,0.0
stage,early,other_absolute_share,20000,0.0,0.0,0.0,0.0
stage,late,current_task_attribution_ratio,20000,0.99999999999998,1.478403744687995e-14,0.9999999999999822,0.99999999999999
stage,late,signed_current_task_share,20000,0.9999999985432165,2.606876077845133e-08,0.9999999962424457,1.0000000343551982
stage,late,current_task_absolute_share,20000,0.99999999999998,1.478403744687995e-14,0.9999999999999822,0.99999999999999
stage,late,previous_tasks_absolute_share,20000,0.0,0.0,0.0,0.0
stage,late,other_absolute_share,20000,0.0,0.0,0.0,0.0
stage,middle,current_task_attribution_ratio,20000,0.9999999999999795,1.559598023239713e-14,0.999999999999982,0.99999999999999
stage,middle,signed_current_task_share,20000,0.9999999986816432,2.5992017834394154e-08,0.9999999966964905,1.0000000345342157
stage,middle,current_task_absolute_share,20000,0.9999999999999795,1.559598023239713e-14,0.999999999999982,0.99999999999999
stage,middle,previous_tasks_absolute_share,20000,0.0,0.0,0.0,0.0
stage,middle,other_absolute_share,20000,0.0,0.0,0.0,0.0
requirement,0.9,current_task_attribution_ratio,15000,0.99999999999998,7.672837294972428e-15,0.9999999999999808,0.9999999999999897
requirement,0.9,signed_current_task_share,15000,0.999999997681109,2.6085683547025555e-08,0.9999999953144038,1.0000000323616114
requirement,0.9,current_task_absolute_share,15000,0.99999999999998,7.672837294972428e-15,0.9999999999999808,0.9999999999999897
requirement,0.9,previous_tasks_absolute_share,15000,0.0,0.0,0.0,0.0
requirement,0.9,other_absolute_share,15000,0.0,0.0,0.0,0.0
requirement,0.99,current_task_attribution_ratio,15000,0.9999999999999818,7.700702657955302e-15,0.999999999999983,0.9999999999999901
requirement,0.99,signed_current_task_share,15000,1.0000000011290735,2.5813892137652152e-08,1.0000000003494838,1.0000000367283175
requirement,0.99,current_task_absolute_share,15000,0.9999999999999818,7.700702657955302e-15,0.999999999999983,0.9999999999999901
requirement,0.99,previous_tasks_absolute_share,15000,0.0,0.0,0.0,0.0
requirement,0.99,other_absolute_share,15000,0.0,0.0,0.0,0.0
requirement,0.999,current_task_attribution_ratio,15000,0.9999999999999821,6.860014315635162e-15,0.9999999999999831,0.9999999999999902
requirement,0.999,signed_current_task_share,15000,0.9999999978936323,2.5616539954388397e-08,0.9999999964388713,1.0000000320597018
requirement,0.999,current_task_absolute_share,15000,0.9999999999999821,6.860014315635162e-15,0.9999999999999831,0.9999999999999902
requirement,0.999,previous_tasks_absolute_share,15000,0.0,0.0,0.0,0.0
requirement,0.999,other_absolute_share,15000,0.0,0.0,0.0,0.0
requirement,0.9999,current_task_attribution_ratio,15000,0.9999999999999746,2.671714266632173e-14,0.999999999999982,0.9999999999999891
requirement,0.9999,signed_current_task_share,15000,0.9999999978750896,2.6498814433987804e-08,0.9999999952951267,1.0000000352694705
requirement,0.9999,current_task_absolute_share,15000,0.9999999999999746,2.671714266632173e-14,0.999999999999982,0.9999999999999891
requirement,0.9999,previous_tasks_absolute_share,15000,0.0,0.0,0.0,0.0
requirement,0.9999,other_absolute_share,15000,0.0,0.0,0.0,0.0
safe_set_size,0,current_task_attribution_ratio,1348,0.9999999999998974,3.1862033502722964e-14,0.9999999999999006,0.9999999999999332
safe_set_size,0,signed_current_task_share,1348,0.9999999989971893,2.601613325190403e-08,0.9999999987829665,1.0000000343161515
safe_set_size,0,current_task_absolute_share,1348,0.9999999999998974,3.1862033502722964e-14,0.9999999999999006,0.9999999999999332
safe_set_size,0,previous_tasks_absolute_share,1348,0.0,0.0,0.0,0.0
safe_set_size,0,other_absolute_share,1348,0.0,0.0,0.0,0.0
safe_set_size,1,current_task_attribution_ratio,907,0.9999999999999775,6.866347228999525e-15,0.9999999999999786,0.9999999999999845
safe_set_size,1,signed_current_task_share,907,0.9999999959354552,2.561457772497572e-08,0.9999999899266001,1.0000000338118409
safe_set_size,1,current_task_absolute_share,907,0.9999999999999775,6.866347228999525e-15,0.9999999999999786,0.9999999999999845
safe_set_size,1,previous_tasks_absolute_share,907,0.0,0.0,0.0,0.0
safe_set_size,1,other_absolute_share,907,0.0,0.0,0.0,0.0
safe_set_size,2,current_task_attribution_ratio,654,0.9999999999999781,6.735980255213459e-15,0.9999999999999786,0.9999999999999852
safe_set_size,2,signed_current_task_share,654,0.9999999966158953,2.5823938975373302e-08,0.9999999931349282,1.0000000344037892
safe_set_size,2,current_task_absolute_share,654,0.9999999999999781,6.735980255213459e-15,0.9999999999999786,0.9999999999999852
safe_set_size,2,previous_tasks_absolute_share,654,0.0,0.0,0.0,0.0
safe_set_size,2,other_absolute_share,654,0.0,0.0,0.0,0.0
safe_set_size,3,current_task_attribution_ratio,1172,0.9999999999999782,5.797071162929599e-15,0.9999999999999786,0.999999999999985
safe_set_size,3,signed_current_task_share,1172,0.9999999969440796,2.5340956961711776e-08,0.9999999915000689,1.0000000345342157
safe_set_size,3,current_task_absolute_share,1172,0.9999999999999782,5.797071162929599e-15,0.9999999999999786,0.999999999999985
safe_set_size,3,previous_tasks_absolute_share,1172,0.0,0.0,0.0,0.0
safe_set_size,3,other_absolute_share,1172,0.0,0.0,0.0,0.0
safe_set_size,4,current_task_attribution_ratio,895,0.9999999999999789,5.0727249147781045e-15,0.9999999999999793,0.999999999999985
safe_set_size,4,signed_current_task_share,895,0.9999999976598216,2.587512953396247e-08,0.9999999929015809,1.0000000319928657
safe_set_size,4,current_task_absolute_share,895,0.9999999999999789,5.0727249147781045e-15,0.9999999999999793,0.999999999999985
safe_set_size,4,previous_tasks_absolute_share,895,0.0,0.0,0.0,0.0
safe_set_size,4,other_absolute_share,895,0.0,0.0,0.0,0.0
safe_set_size,5,current_task_attribution_ratio,980,0.9999999999999791,5.89668067478272e-15,0.9999999999999796,0.9999999999999853
safe_set_size,5,signed_current_task_share,980,0.9999999960400041,2.5735510973426964e-08,0.9999999904128939,1.0000000345342157
safe_set_size,5,current_task_absolute_share,980,0.9999999999999791,5.89668067478272e-15,0.9999999999999796,0.9999999999999853
safe_set_size,5,previous_tasks_absolute_share,980,0.0,0.0,0.0,0.0
safe_set_size,5,other_absolute_share,980,0.0,0.0,0.0,0.0
safe_set_size,6,current_task_attribution_ratio,1108,0.9999999999999795,5.891668683071495e-15,0.9999999999999802,0.9999999999999857
safe_set_size,6,signed_current_task_share,1108,0.9999999974390468,2.6410137718758933e-08,0.9999999943247329,1.0000000345342157
safe_set_size,6,current_task_absolute_share,1108,0.9999999999999795,5.891668683071495e-15,0.9999999999999802,0.9999999999999857
safe_set_size,6,previous_tasks_absolute_share,1108,0.0,0.0,0.0,0.0
safe_set_size,6,other_absolute_share,1108,0.0,0.0,0.0,0.0
safe_set_size,7,current_task_attribution_ratio,991,0.9999999999999802,5.849819361602089e-15,0.9999999999999809,0.9999999999999868
safe_set_size,7,signed_current_task_share,991,0.9999999983421121,2.6935173984783518e-08,0.9999999942802624,1.0000000377719005
safe_set_size,7,current_task_absolute_share,991,0.9999999999999802,5.849819361602089e-15,0.9999999999999809,0.9999999999999868
safe_set_size,7,previous_tasks_absolute_share,991,0.0,0.0,0.0,0.0
safe_set_size,7,other_absolute_share,991,0.0,0.0,0.0,0.0
safe_set_size,8,current_task_attribution_ratio,790,0.99999999999998,5.790942393594344e-15,0.9999999999999807,0.9999999999999867
safe_set_size,8,signed_current_task_share,790,0.9999999980805949,2.779994402886188e-08,0.9999999956313494,1.0000000377719005
safe_set_size,8,current_task_absolute_share,790,0.99999999999998,5.790942393594344e-15,0.9999999999999807,0.9999999999999867
safe_set_size,8,previous_tasks_absolute_share,790,0.0,0.0,0.0,0.0
safe_set_size,8,other_absolute_share,790,0.0,0.0,0.0,0.0
safe_set_size,9,current_task_attribution_ratio,791,0.9999999999999805,6.328798172375171e-15,0.9999999999999813,0.9999999999999871
safe_set_size,9,signed_current_task_share,791,0.9999999974909104,2.700689138038125e-08,0.9999999945350403,1.000000035520103
safe_set_size,9,current_task_absolute_share,791,0.9999999999999805,6.328798172375171e-15,0.9999999999999813,0.9999999999999871
safe_set_size,9,previous_tasks_absolute_share,791,0.0,0.0,0.0,0.0
safe_set_size,9,other_absolute_share,791,0.0,0.0,0.0,0.0
safe_set_size,10,current_task_attribution_ratio,916,0.9999999999999807,6.2192484722499336e-15,0.9999999999999818,0.9999999999999872
safe_set_size,10,signed_current_task_share,916,0.9999999973439585,2.730983880882151e-08,0.9999999920915346,1.0000000352694705
safe_set_size,10,current_task_absolute_share,916,0.9999999999999807,6.2192484722499336e-15,0.9999999999999818,0.9999999999999872
safe_set_size,10,previous_tasks_absolute_share,916,0.0,0.0,0.0,0.0
safe_set_size,10,other_absolute_share,916,0.0,0.0,0.0,0.0
safe_set_size,11,current_task_attribution_ratio,779,0.999999999999981,6.258319092871707e-15,0.999999999999982,0.9999999999999872
safe_set_size,11,signed_current_task_share,779,0.999999997118567,2.706842115099261e-08,0.9999999923143399,1.0000000377719005
safe_set_size,11,current_task_absolute_share,779,0.999999999999981,6.258319092871707e-15,0.999999999999982,0.9999999999999872
safe_set_size,11,previous_tasks_absolute_share,779,0.0,0.0,0.0,0.0
safe_set_size,11,other_absolute_share,779,0.0,0.0,0.0,0.0
safe_set_size,12,current_task_attribution_ratio,747,0.9999999999999815,6.003623213989875e-15,0.9999999999999825,0.9999999999999876
safe_set_size,12,signed_current_task_share,747,0.9999999999109517,2.7730760414779145e-08,0.9999999969364802,1.0000000377719005
safe_set_size,12,current_task_absolute_share,747,0.9999999999999815,6.003623213989875e-15,0.9999999999999825,0.9999999999999876
safe_set_size,12,previous_tasks_absolute_share,747,0.0,0.0,0.0,0.0
safe_set_size,12,other_absolute_share,747,0.0,0.0,0.0,0.0
safe_set_size,13,current_task_attribution_ratio,685,0.9999999999999808,6.65857687488397e-15,0.9999999999999819,0.9999999999999882
safe_set_size,13,signed_current_task_share,685,0.999999999814237,2.6970346900122637e-08,0.9999999964176585,1.0000000378422647
safe_set_size,13,current_task_absolute_share,685,0.9999999999999808,6.65857687488397e-15,0.9999999999999819,0.9999999999999882
safe_set_size,13,previous_tasks_absolute_share,685,0.0,0.0,0.0,0.0
safe_set_size,13,other_absolute_share,685,0.0,0.0,0.0,0.0
safe_set_size,14,current_task_attribution_ratio,704,0.9999999999999811,6.693957818219525e-15,0.9999999999999826,0.9999999999999885
safe_set_size,14,signed_current_task_share,704,0.9999999977284543,2.6953453444198112e-08,0.9999999952377647,1.000000035048894
safe_set_size,14,current_task_absolute_share,704,0.9999999999999811,6.693957818219525e-15,0.9999999999999826,0.9999999999999885
safe_set_size,14,previous_tasks_absolute_share,704,0.0,0.0,0.0,0.0
safe_set_size,14,other_absolute_share,704,0.0,0.0,0.0,0.0
safe_set_size,15,current_task_attribution_ratio,712,0.9999999999999813,6.124431989376877e-15,0.999999999999982,0.9999999999999885
safe_set_size,15,signed_current_task_share,712,0.9999999979675449,2.6857111909646737e-08,0.9999999961183142,1.0000000356315812
safe_set_size,15,current_task_absolute_share,712,0.9999999999999813,6.124431989376877e-15,0.999999999999982,0.9999999999999885
safe_set_size,15,previous_tasks_absolute_share,712,0.0,0.0,0.0,0.0
safe_set_size,15,other_absolute_share,712,0.0,0.0,0.0,0.0
safe_set_size,16,current_task_attribution_ratio,809,0.9999999999999806,6.748716052895696e-15,0.9999999999999813,0.9999999999999883
safe_set_size,16,signed_current_task_share,809,0.9999999971150692,2.6828737297630477e-08,0.9999999956313494,1.0000000346098006
safe_set_size,16,current_task_absolute_share,809,0.9999999999999806,6.748716052895696e-15,0.9999999999999813,0.9999999999999883
safe_set_size,16,previous_tasks_absolute_share,809,0.0,0.0,0.0,0.0
safe_set_size,16,other_absolute_share,809,0.0,0.0,0.0,0.0
safe_set_size,17,current_task_attribution_ratio,791,0.999999999999981,6.794869881960524e-15,0.9999999999999818,0.9999999999999885
safe_set_size,17,signed_current_task_share,791,0.9999999975868705,2.683182125954809e-08,0.9999999958707705,1.0000000341420503
safe_set_size,17,current_task_absolute_share,791,0.999999999999981,6.794869881960524e-15,0.9999999999999818,0.9999999999999885
safe_set_size,17,previous_tasks_absolute_share,791,0.0,0.0,0.0,0.0
safe_set_size,17,other_absolute_share,791,0.0,0.0,0.0,0.0
safe_set_size,18,current_task_attribution_ratio,881,0.9999999999999809,6.185785089356986e-15,0.9999999999999813,0.9999999999999882
safe_set_size,18,signed_current_task_share,881,0.999999999415395,2.6549440003914195e-08,0.9999999974404242,1.0000000372097515
safe_set_size,18,current_task_absolute_share,881,0.9999999999999809,6.185785089356986e-15,0.9999999999999813,0.9999999999999882
safe_set_size,18,previous_tasks_absolute_share,881,0.0,0.0,0.0,0.0
safe_set_size,18,other_absolute_share,881,0.0,0.0,0.0,0.0
safe_set_size,19,current_task_attribution_ratio,887,0.999999999999981,6.511311255748063e-15,0.9999999999999817,0.9999999999999887
safe_set_size,19,signed_current_task_share,887,0.9999999989555648,2.5611370982445695e-08,0.9999999972705343,1.0000000351178406
safe_set_size,19,current_task_absolute_share,887,0.999999999999981,6.511311255748063e-15,0.9999999999999817,0.9999999999999887
safe_set_size,19,previous_tasks_absolute_share,887,0.0,0.0,0.0,0.0
safe_set_size,19,other_absolute_share,887,0.0,0.0,0.0,0.0
safe_set_size,20,current_task_attribution_ratio,819,0.9999999999999808,6.9341414979351905e-15,0.9999999999999817,0.9999999999999887
safe_set_size,20,signed_current_task_share,819,1.000000000946137,2.6483773601637756e-08,0.9999999993489352,1.0000000377541587
safe_set_size,20,current_task_absolute_share,819,0.9999999999999808,6.9341414979351905e-15,0.9999999999999817,0.9999999999999887
safe_set_size,20,previous_tasks_absolute_share,819,0.0,0.0,0.0,0.0
safe_set_size,20,other_absolute_share,819,0.0,0.0,0.0,0.0
safe_set_size,21,current_task_attribution_ratio,936,0.9999999999999808,6.4786501163238005e-15,0.999999999999981,0.9999999999999887
safe_set_size,21,signed_current_task_share,936,0.9999999985876565,2.4904466154233896e-08,0.9999999963510195,1.0000000340994608
safe_set_size,21,current_task_absolute_share,936,0.9999999999999808,6.4786501163238005e-15,0.999999999999981,0.9999999999999887
safe_set_size,21,previous_tasks_absolute_share,936,0.0,0.0,0.0,0.0
safe_set_size,21,other_absolute_share,936,0.0,0.0,0.0,0.0
safe_set_size,22,current_task_attribution_ratio,1274,0.9999999999999812,6.647272673338563e-15,0.9999999999999817,0.9999999999999887
safe_set_size,22,signed_current_task_share,1274,0.9999999981330651,2.423474919893264e-08,0.9999999971866779,1.000000031735279
safe_set_size,22,current_task_absolute_share,1274,0.9999999999999812,6.647272673338563e-15,0.9999999999999817,0.9999999999999887
safe_set_size,22,previous_tasks_absolute_share,1274,0.0,0.0,0.0,0.0
safe_set_size,22,other_absolute_share,1274,0.0,0.0,0.0,0.0
safe_set_size,23,current_task_attribution_ratio,1191,0.9999999999999815,6.5991426851201085e-15,0.9999999999999827,0.9999999999999892
safe_set_size,23,signed_current_task_share,1191,1.000000000185832,2.4899158905900782e-08,0.9999999988450191,1.0000000336187744
safe_set_size,23,current_task_absolute_share,1191,0.9999999999999815,6.5991426851201085e-15,0.9999999999999827,0.9999999999999892
safe_set_size,23,previous_tasks_absolute_share,1191,0.0,0.0,0.0,0.0
safe_set_size,23,other_absolute_share,1191,0.0,0.0,0.0,0.0
safe_set_size,24,current_task_attribution_ratio,1162,0.9999999999999812,6.692197494378602e-15,0.9999999999999823,0.9999999999999892
safe_set_size,24,signed_current_task_share,1162,0.9999999993826243,2.5195433932962604e-08,0.999999998375247,1.0000000330434438
safe_set_size,24,current_task_absolute_share,1162,0.9999999999999812,6.692197494378602e-15,0.9999999999999823,0.9999999999999892
safe_set_size,24,previous_tasks_absolute_share,1162,0.0,0.0,0.0,0.0
safe_set_size,24,other_absolute_share,1162,0.0,0.0,0.0,0.0
safe_set_size,25,current_task_attribution_ratio,1806,0.9999999999999816,7.237597932809149e-15,0.9999999999999827,0.99999999999999
safe_set_size,25,signed_current_task_share,1806,0.9999999997478131,2.5146504009411473e-08,0.9999999993489352,1.0000000326844745
safe_set_size,25,current_task_absolute_share,1806,0.9999999999999816,7.237597932809149e-15,0.9999999999999827,0.99999999999999
safe_set_size,25,previous_tasks_absolute_share,1806,0.0,0.0,0.0,0.0
safe_set_size,25,other_absolute_share,1806,0.0,0.0,0.0,0.0
safe_set_size,26,current_task_attribution_ratio,1688,0.999999999999981,7.386720758542162e-15,0.999999999999982,0.9999999999999892
safe_set_size,26,signed_current_task_share,1688,1.0000000004531424,2.557176192920727e-08,1.0000000012191752,1.0000000334123953
safe_set_size,26,current_task_absolute_share,1688,0.999999999999981,7.386720758542162e-15,0.999999999999982,0.9999999999999892
safe_set_size,26,previous_tasks_absolute_share,1688,0.0,0.0,0.0,0.0
safe_set_size,26,other_absolute_share,1688,0.0,0.0,0.0,0.0
safe_set_size,27,current_task_attribution_ratio,2928,0.999999999999981,7.558710134062266e-15,0.9999999999999822,0.9999999999999901
safe_set_size,27,signed_current_task_share,2928,1.0000000012168573,2.6107480295205012e-08,1.0000000012524073,1.0000000356920802
safe_set_size,27,current_task_absolute_share,2928,0.999999999999981,7.558710134062266e-15,0.9999999999999822,0.9999999999999901
safe_set_size,27,previous_tasks_absolute_share,2928,0.0,0.0,0.0,0.0
safe_set_size,27,other_absolute_share,2928,0.0,0.0,0.0,0.0
safe_set_size,28,current_task_attribution_ratio,30649,0.9999999999999823,7.614413084531196e-15,0.9999999999999839,0.999999999999991
safe_set_size,28,signed_current_task_share,30649,0.9999999985847621,2.5977344871145416e-08,0.9999999966964921,1.0000000342799633
safe_set_size,28,current_task_absolute_share,30649,0.9999999999999823,7.614413084531196e-15,0.9999999999999839,0.999999999999991
safe_set_size,28,previous_tasks_absolute_share,30649,0.0,0.0,0.0,0.0
safe_set_size,28,other_absolute_share,30649,0.0,0.0,0.0,0.0
load_tertile,high,current_task_attribution_ratio,20000,0.9999999999999781,1.5051668753292078e-14,0.9999999999999808,0.9999999999999893
load_tertile,high,signed_current_task_share,20000,0.9999999989941752,2.5673647851187894e-08,0.9999999973105406,1.0000000341420503
load_tertile,high,current_task_absolute_share,20000,0.9999999999999781,1.5051668753292078e-14,0.9999999999999808,0.9999999999999893
load_tertile,high,previous_tasks_absolute_share,20000,0.0,0.0,0.0,0.0
load_tertile,high,other_absolute_share,20000,0.0,0.0,0.0,0.0
load_tertile,low,current_task_attribution_ratio,20000,0.9999999999999807,1.5105765218390784e-14,0.9999999999999833,0.9999999999999902
load_tertile,low,signed_current_task_share,20000,0.9999999983669113,2.646841433067391e-08,0.9999999961849223,1.000000035475021
load_tertile,low,current_task_absolute_share,20000,0.9999999999999807,1.5105765218390784e-14,0.9999999999999833,0.9999999999999902
load_tertile,low,previous_tasks_absolute_share,20000,0.0,0.0,0.0,0.0
load_tertile,low,other_absolute_share,20000,0.0,0.0,0.0,0.0
load_tertile,middle,current_task_attribution_ratio,20000,0.9999999999999801,1.5124609155142336e-14,0.9999999999999823,0.99999999999999
load_tertile,middle,signed_current_task_share,20000,0.9999999985730916,2.598433830682667e-08,0.9999999961849223,1.0000000344524125
load_tertile,middle,current_task_absolute_share,20000,0.9999999999999801,1.5124609155142336e-14,0.9999999999999823,0.99999999999999
load_tertile,middle,previous_tasks_absolute_share,20000,0.0,0.0,0.0,0.0
load_tertile,middle,other_absolute_share,20000,0.0,0.0,0.0,0.0
