state_id,trial_id,task_id,requirement,load_tertile,safe_set_size,action_source,myopic_action,ppo_action,same_action,myopic_estimated_latency,ppo_estimated_latency,immediate_latency_gap,reliability_gap,rho_gap,q_ml_h1,q_ppo_h1,q_gap_ppo_minus_ml_h1,justified_h1,q_ml_h5,q_ppo_h5,q_gap_ppo_minus_ml_h5,justified_h5,q_ml_h10,q_ppo_h10,q_gap_ppo_minus_ml_h10,justified_h10,q_ml_h20,q_ppo_h20,q_gap_ppo_minus_ml_h20,justified_h20,q_ml_h50,q_ppo_h50,q_gap_ppo_minus_ml_h50,justified_h50
trial_003_ep1_task001,3,1,0.99,low,28,PPO sampled,5,18,False,0.7286241918429177,0.8774836699489208,0.14885947810600308,3.566351218453612e-05,-0.023729739453898724,0.0,0.0,0.0,False,264.7875995666506,296.54919701024613,31.76159744359552,True,405.9583921958343,437.7199896394298,31.76159744359552,True,550.1096549345043,581.8712523780999,31.761597443595633,True,610.4523905926523,642.2139880362479,31.761597443595633,True
trial_003_ep1_task001,3,1,0.99,low,28,PPO high probability,5,27,False,0.7286241918429177,0.7286241918429177,0.0,6.636220040523444e-05,-0.011458316075716263,0.0,0.0,0.0,False,264.7875995666506,285.5917308531663,20.804131286515712,False,405.9583921958343,426.76252348235,20.804131286515712,False,550.1096549345043,570.9137862210201,20.804131286515826,False,610.4523905926523,631.2565218791681,20.804131286515826,False
trial_003_ep1_task002,3,2,0.99,low,28,PPO sampled,6,16,False,1.3358726264455616,1.3893013536451146,0.05342872719955305,-0.0001476529593517073,0.19447134570724517,0.0,0.0,0.0,False,379.3752074551064,329.49910778916234,-49.87609966594408,False,532.797143822015,482.921044156071,-49.87609966594397,False,696.3997134193883,646.5236137534442,-49.876099665944025,False,764.3740412287448,714.4979415628007,-49.876099665944025,False
trial_003_ep1_task002,3,2,0.99,low,28,PPO high probability,6,27,False,1.3358726264455616,1.3358726264455616,0.0,0.0001967661434131296,0.10131684153766508,0.0,0.0,0.0,False,379.3752074551064,352.5528939191861,-26.82231353592033,False,532.797143822015,505.97483028609474,-26.822313535920216,False,696.3997134193883,669.577399883468,-26.822313535920216,False,764.3740412287448,737.5517276928246,-26.822313535920216,False
trial_003_ep1_task003,3,3,0.9999,high,23,PPO sampled,6,16,False,0.7248515811007247,1.529960233365112,0.8051086522643874,-1.3750539135437556e-05,0.19447134570724517,283.6275941134988,240.99826380383178,-42.62933030966701,False,473.2727294530927,430.6433991434257,-42.62933030966701,False,579.2082682608569,536.5789379511899,-42.62933030966701,False,766.7066421672292,724.0773118575622,-42.62933030966701,False,836.5159320461124,793.8866017364454,-42.62933030966701,False
trial_003_ep1_task003,3,3,0.9999,high,23,PPO high probability,6,27,False,0.7248515811007247,0.7248515811007247,0.0,1.8700285017714258e-05,0.10131684153766508,283.6275941134988,283.6275941134988,0.0,False,473.2727294530927,473.2727294530927,0.0,False,579.2082682608569,579.2082682608569,0.0,False,766.7066421672292,766.7066421672292,0.0,False,836.5159320461124,836.5159320461124,0.0,False
trial_003_ep1_task005,3,5,0.999,medium,28,PPO sampled,5,17,False,0.7115063476964847,0.7256304846475954,0.0141241369511107,4.385932668460324e-05,-0.1101425235828518,155.70481763465406,154.45908143444956,-1.2457362002045045,False,283.53967850716873,282.29394230696425,-1.245736200204476,False,455.6554655772657,454.4097293770612,-1.245736200204533,False,622.0456879386292,620.7999517384246,-1.245736200204533,False,685.2177681762719,683.9720319760673,-1.245736200204533,False
trial_003_ep1_task005,3,5,0.999,medium,28,PPO high probability,5,27,False,0.7115063476964847,0.7115063476964847,0.0,4.883430125113275e-05,-0.011458316075716263,155.70481763465406,155.70481763465406,0.0,False,283.53967850716873,283.53967850716873,0.0,False,455.6554655772657,455.6554655772657,0.0,False,622.0456879386292,622.0456879386292,0.0,False,685.2177681762719,685.2177681762719,0.0,False
trial_003_ep1_task006,3,6,0.99,low,28,PPO sampled,6,19,False,2.4555854079828174,2.79134211440544,0.33575670642262256,-8.307050152178697e-05,0.17799544314370908,0.0,0.0,0.0,False,253.69671035982822,239.07397691609276,-14.622733443735456,False,400.74895050325966,386.1262170595242,-14.622733443735456,False,532.7792560037077,518.1565225599722,-14.622733443735456,False,603.5324947306508,588.9097612869153,-14.622733443735456,False
trial_003_ep1_task006,3,6,0.99,low,28,PPO high probability,6,27,False,2.4555854079828174,2.4555854079828174,0.0,0.0006660748105469239,0.10131684153766508,0.0,0.0,0.0,False,253.69671035982822,244.47690482165686,-9.219805538171357,False,400.74895050325966,391.5291449650883,-9.219805538171386,False,532.7792560037077,523.5594504655363,-9.219805538171386,False,603.5324947306508,594.3126891924794,-9.219805538171386,False
trial_003_ep1_task008,3,8,0.9999,high,3,PPO sampled,24,26,False,1.387930395751556,1.387930395751556,0.0,1.8556031171068632e-05,0.28184066800105795,0.0,0.0,0.0,False,179.40276517428612,179.40276517428612,0.0,False,411.52765465969435,411.52765465969435,0.0,False,546.5202215741663,546.5202215741663,0.0,False,617.7614127258234,617.7614127258234,0.0,False
trial_003_ep1_task008,3,8,0.9999,high,3,PPO high probability,24,27,False,1.387930395751556,1.387930395751556,0.0,-8.976509653368936e-07,0.05454315328875958,0.0,0.0,0.0,False,179.40276517428612,179.40276517428612,0.0,False,411.52765465969435,411.52765465969435,0.0,False,546.5202215741663,546.5202215741663,0.0,False,617.7614127258234,617.7614127258234,0.0,False
trial_003_ep1_task009,3,9,0.9,high,28,PPO sampled,5,13,False,1.59711918306019,2.4796106358670125,0.8824914528068224,-1.4512984098380421e-05,0.03431908471638101,139.66405571787345,73.40976313277882,-66.25429258509463,False,316.5823567517107,291.98818587883017,-24.59417087288051,False,481.8471204947631,457.25294962188264,-24.594170872880454,False,642.2961684362983,617.7019975634179,-24.594170872880454,False,710.9957405682402,686.4015696953597,-24.594170872880454,False
trial_003_ep1_task009,3,9,0.9,high,28,PPO high probability,5,27,False,1.59711918306019,1.59711918306019,0.0,0.0007591228427216157,-0.011458316075716263,139.66405571787345,139.66405571787345,0.0,False,316.5823567517107,316.5823567517107,0.0,False,481.8471204947631,481.8471204947631,0.0,False,642.2961684362983,642.2961684362983,0.0,False,710.9957405682402,710.9957405682402,0.0,False
trial_003_ep1_task012,3,12,0.999,medium,23,PPO sampled,5,14,False,1.5955456956897085,2.3277531281131605,0.732207432423452,0.0003592400265860496,0.04179791596413743,0.0,0.0,0.0,False,354.68483958247134,353.79498473618077,-0.8898548462905751,False,470.09744207322814,469.2075872269375,-0.8898548462906319,False,594.5543708701864,593.6645160238958,-0.8898548462906319,False,670.6688773587196,669.7790225124289,-0.8898548462906319,False
trial_003_ep1_task012,3,12,0.999,medium,23,PPO high probability,5,27,False,1.5955456956897085,1.5955456956897085,0.0,0.000698296738516957,-0.011458316075716263,0.0,0.0,0.0,False,354.68483958247134,367.16531220880637,12.480472626335029,False,470.09744207322814,482.5779146995631,12.480472626334972,False,594.5543708701864,607.0348434965214,12.480472626334972,False,670.6688773587196,683.1493499850545,12.480472626334972,False
trial_003_ep1_task015,3,15,0.999,low,28,PPO sampled,5,5,True,0.4936840707941078,0.4936840707941078,0.0,0.0,0.0,136.4092009741676,136.4092009741676,0.0,False,340.9293080908346,340.9293080908346,0.0,False,477.20249727411635,477.20249727411635,0.0,False,584.4407940042213,584.4407940042213,0.0,False,663.7869602040433,663.7869602040433,0.0,False
trial_003_ep1_task015,3,15,0.999,low,28,PPO high probability,5,27,False,0.4936840707941078,0.4936840707941078,0.0,6.636220040523444e-05,-0.011458316075716263,136.4092009741676,136.4092009741676,0.0,False,340.9293080908346,340.9293080908346,0.0,False,477.20249727411635,477.20249727411635,0.0,False,584.4407940042213,584.4407940042213,0.0,False,663.7869602040433,663.7869602040433,0.0,False
trial_003_ep1_task018,3,18,0.9,medium,28,PPO sampled,6,24,False,2.471904418698885,2.471904418698885,0.0,0.0005004281921439091,0.0467736882489055,0.0,0.0,0.0,False,244.93987381132203,244.93987381132203,0.0,False,387.1549008758797,387.1549008758797,0.0,False,511.87432179186055,511.87432179186055,0.0,False,597.9865052480469,597.9865052480469,0.0,False
trial_003_ep1_task018,3,18,0.9,medium,28,PPO high probability,6,27,False,2.471904418698885,2.471904418698885,0.0,0.0004979178218269542,0.10131684153766508,0.0,0.0,0.0,False,244.93987381132203,244.93987381132203,0.0,False,387.1549008758797,387.1549008758797,0.0,False,511.87432179186055,511.87432179186055,0.0,False,597.9865052480469,597.9865052480469,0.0,False
trial_003_ep1_task020,3,20,0.9999,medium,4,PPO sampled,27,27,True,1.2739384922129915,1.2739384922129915,0.0,0.0,0.0,77.95633587949916,77.95633587949916,0.0,False,230.77984247537086,230.77984247537086,0.0,False,321.13888508789825,321.13888508789825,0.0,False,472.2277063591479,472.2277063591479,0.0,False,548.9153649499706,548.9153649499706,0.0,False
trial_003_ep1_task020,3,20,0.9999,medium,4,PPO high probability,27,27,True,1.2739384922129915,1.2739384922129915,0.0,0.0,0.0,77.95633587949916,77.95633587949916,0.0,False,230.77984247537086,230.77984247537086,0.0,False,321.13888508789825,321.13888508789825,0.0,False,472.2277063591479,472.2277063591479,0.0,False,548.9153649499706,548.9153649499706,0.0,False
trial_003_ep1_task026,3,26,0.9999,high,7,PPO sampled,25,26,False,1.3311192699899186,1.82938213109245,0.4982628611025315,5.6067125081993296e-05,0.004071301570766794,129.21319635961908,53.60287695820265,-75.61031940141643,False,246.01236375822197,224.12136620430067,-21.890997553921295,False,393.56983781035495,371.67884025643366,-21.890997553921295,False,545.4526524500393,523.5616548961181,-21.89099755392124,False,624.1631688752299,602.2721713213086,-21.89099755392124,False
trial_003_ep1_task026,3,26,0.9999,high,7,PPO high probability,25,27,False,1.3311192699899186,1.3311192699899186,0.0,4.441215614658933e-05,-0.22322621314153157,129.21319635961908,129.21319635961908,0.0,False,246.01236375822197,247.74967469239664,1.7373109341746726,False,393.56983781035495,395.3071487445296,1.7373109341746726,False,545.4526524500393,547.1899633842139,1.7373109341746158,False,624.1631688752299,625.9004798094045,1.7373109341746158,False
trial_003_ep1_task028,3,28,0.9,medium,28,PPO sampled,5,21,False,1.2832463335033053,1.2868920373203236,0.003645703817018342,0.00047965660526605447,-0.0391893322900452,77.56495695072742,77.41269295988538,-0.15226399084204445,False,214.74148380892262,214.58921981808055,-0.15226399084207287,False,357.84406988572783,357.69180589488576,-0.15226399084207287,False,535.5537404429848,535.4014764521429,-0.15226399084190234,False,611.7170490060578,611.5647850152159,-0.15226399084190234,False
trial_003_ep1_task028,3,28,0.9,medium,28,PPO high probability,5,27,False,1.2832463335033053,1.2832463335033053,0.0,0.0005305541206878095,-0.011458316075716263,77.56495695072742,77.56495695072742,0.0,False,214.74148380892262,214.74148380892262,0.0,False,357.84406988572783,357.84406988572783,0.0,False,535.5537404429848,535.5537404429848,0.0,False,611.7170490060578,611.7170490060578,0.0,False
trial_003_ep1_task029,3,29,0.99,high,28,PPO sampled,5,11,False,2.1759287065420194,2.1759287065420194,0.0,0.000280458620529056,0.013642018364395186,0.0,0.0,0.0,False,152.41836317577244,152.41836317577244,0.0,False,389.98665677501015,389.98665677501015,0.0,False,512.8259212368145,512.8259212368145,0.0,False,593.9641883907377,593.9641883907377,0.0,False
trial_003_ep1_task029,3,29,0.99,high,28,PPO high probability,5,27,False,2.1759287065420194,2.1759287065420194,0.0,0.0014993723984164653,-0.011458316075716263,0.0,0.0,0.0,False,152.41836317577244,150.0299633401994,-2.38839983557304,False,389.98665677501015,387.5982569394371,-2.3883998355730682,False,512.8259212368145,510.4375214012414,-2.3883998355730682,False,593.9641883907377,591.5757885551646,-2.3883998355730682,False
trial_003_ep1_task030,3,30,0.9999,high,0,PPO sampled,26,26,True,2.000224714597189,2.000224714597189,0.0,0.0,0.0,82.44914814981824,82.44914814981824,0.0,False,261.7023137891333,261.7023137891333,0.0,False,433.3185075277891,433.3185075277891,0.0,False,583.686370259796,583.686370259796,0.0,False,659.9602093230419,659.9602093230419,0.0,False
trial_003_ep1_task030,3,30,0.9999,high,0,PPO high probability,26,26,True,2.000224714597189,2.000224714597189,0.0,0.0,0.0,82.44914814981824,82.44914814981824,0.0,False,261.7023137891333,261.7023137891333,0.0,False,433.3185075277891,433.3185075277891,0.0,False,583.686370259796,583.686370259796,0.0,False,659.9602093230419,659.9602093230419,0.0,False
trial_003_ep1_task031,3,31,0.999,low,17,PPO sampled,6,27,False,2.035413187479864,2.035413187479864,0.0,0.0003754313494152006,0.10131684153766508,54.77759253386169,54.77759253386169,0.0,False,249.88987798630453,249.88987798630453,0.0,False,389.8548437533008,389.8548437533008,0.0,False,556.9302467888641,556.9302467888641,0.0,False,642.2911264435767,642.2911264435767,0.0,False
trial_003_ep1_task031,3,31,0.999,low,17,PPO high probability,6,27,False,2.035413187479864,2.035413187479864,0.0,0.0003754313494152006,0.10131684153766508,54.77759253386169,54.77759253386169,0.0,False,249.88987798630453,249.88987798630453,0.0,False,389.8548437533008,389.8548437533008,0.0,False,556.9302467888641,556.9302467888641,0.0,False,642.2911264435767,642.2911264435767,0.0,False
trial_003_ep1_task032,3,32,0.999,low,12,PPO sampled,6,12,False,2.4713738421688713,2.4713738421688713,0.0,0.00013555811827070663,0.14588100893496747,46.425623989722965,46.425623989722965,0.0,False,264.53656146389636,264.53656146389636,0.0,False,437.00049694752624,437.00049694752624,0.0,False,579.8114752426158,579.8114752426158,0.0,False,653.0123174829547,653.0123174829547,0.0,False
trial_003_ep1_task032,3,32,0.999,low,12,PPO high probability,6,27,False,2.4713738421688713,2.4713738421688713,0.0,0.0005791481402322995,0.10131684153766508,46.425623989722965,46.425623989722965,0.0,False,264.53656146389636,264.53656146389636,0.0,False,437.00049694752624,437.00049694752624,0.0,False,579.8114752426158,579.8114752426158,0.0,False,653.0123174829547,653.0123174829547,0.0,False
trial_003_ep1_task033,3,33,0.99,low,28,PPO sampled,5,21,False,1.6895408398628375,1.7510865849565809,0.06154574509374333,0.000743272027100228,-0.0391893322900452,0.0,0.0,0.0,False,237.2779734294337,242.34548608241488,5.067512652981179,True,470.8310385047288,475.8985511577099,5.067512652981122,True,587.5834331835664,592.6509458365475,5.067512652981122,True,669.6917758415758,674.7592884945569,5.067512652981122,True
trial_003_ep1_task033,3,33,0.99,low,28,PPO high probability,5,27,False,1.6895408398628375,1.6895408398628375,0.0,0.0008223846700891047,-0.011458316075716263,0.0,0.0,0.0,False,237.2779734294337,237.2779734294337,0.0,False,470.8310385047288,470.8310385047288,0.0,False,587.5834331835664,587.5834331835664,0.0,False,669.6917758415758,669.6917758415758,0.0,False
trial_003_ep1_task034,3,34,0.9999,low,7,PPO sampled,25,25,True,1.2498090098408938,1.2498090098408938,0.0,0.0,0.0,140.753813332059,140.753813332059,0.0,False,402.3239912602037,402.3239912602037,0.0,False,563.1606366435552,563.1606366435552,0.0,False,688.0933845391274,688.0933845391274,0.0,False,749.7325427717301,749.7325427717301,0.0,False
trial_003_ep1_task034,3,34,0.9999,low,7,PPO high probability,25,27,False,1.2498090098408938,1.2498090098408938,0.0,4.441215614658933e-05,-0.22322621314153157,140.753813332059,140.753813332059,0.0,False,402.3239912602037,402.3239912602037,0.0,False,563.1606366435552,563.1606366435552,0.0,False,688.0933845391274,688.0933845391274,0.0,False,749.7325427717301,749.7325427717301,0.0,False
trial_003_ep1_task036,3,36,0.99,low,28,PPO sampled,5,18,False,1.1248436319831598,1.405029079628555,0.2801854476453951,0.0001828492619506683,-0.023729739453898724,84.79418050576531,72.77112205975357,-12.023058446011746,False,249.0549569828139,237.03189853680217,-12.023058446011731,False,447.61871671534664,435.59565826933493,-12.023058446011703,False,615.1150659934958,603.0920075474841,-12.02305844601176,False,678.6747369097243,666.6516784637125,-12.02305844601176,False
trial_003_ep1_task036,3,36,0.99,low,28,PPO high probability,5,27,False,1.1248436319831598,1.1248436319831598,0.0,0.00034173749139643217,-0.011458316075716263,84.79418050576531,84.79418050576531,0.0,False,249.0549569828139,249.0549569828139,0.0,False,447.61871671534664,447.61871671534664,0.0,False,615.1150659934958,615.1150659934958,0.0,False,678.6747369097243,678.6747369097243,0.0,False
trial_003_ep1_task037,3,37,0.999,low,28,PPO sampled,5,8,False,0.537425818075278,0.6456406796956351,0.1082148616203571,-2.0887200939734285e-05,0.16049949015583606,0.0,0.0,0.0,False,303.01796849474505,292.0691891202727,-10.948779374472338,False,453.60710054962493,442.6583211751526,-10.948779374472338,False,600.1942076941729,589.2454283197005,-10.948779374472338,False,670.8160642677598,659.8672848932874,-10.948779374472338,False
trial_003_ep1_task037,3,37,0.999,low,28,PPO high probability,5,27,False,0.537425818075278,0.537425818075278,0.0,3.3967254305600214e-05,-0.011458316075716263,0.0,0.0,0.0,False,303.01796849474505,303.01796849474505,0.0,False,453.60710054962493,453.60710054962493,0.0,False,600.1942076941729,600.1942076941729,0.0,False,670.8160642677598,670.8160642677598,0.0,False
trial_003_ep1_task038,3,38,0.99,medium,28,PPO sampled,5,25,False,1.1340726260112926,1.1340726260112926,0.0,0.00026621374959856503,0.2117678970658153,202.79108207043038,202.79108207043038,0.0,False,395.5241664978154,395.5241664978154,0.0,False,509.66635765116513,509.66635765116513,0.0,False,654.7171425774451,654.7171425774451,0.0,False,733.7462522441996,733.7462522441996,0.0,False
trial_003_ep1_task038,3,38,0.99,medium,28,PPO high probability,5,27,False,1.1340726260112926,1.1340726260112926,0.0,0.00030083707916561675,-0.011458316075716263,202.79108207043038,202.79108207043038,0.0,False,395.5241664978154,395.5241664978154,0.0,False,509.66635765116513,509.66635765116513,0.0,False,654.7171425774451,654.7171425774451,0.0,False,733.7462522441996,733.7462522441996,0.0,False
trial_003_ep1_task041,3,41,0.999,medium,28,PPO sampled,5,22,False,0.5401616818619747,0.6484102457972187,0.10824856393524407,4.3399907819541284e-05,0.053349807883639244,200.6649395001948,166.9824954380207,-33.68244406217411,False,369.95191472642364,336.2694706642495,-33.68244406217411,False,512.8500203185278,479.16757625635364,-33.68244406217411,False,674.4422381491081,640.7597940869339,-33.68244406217423,False,763.2384600884948,729.5560160263205,-33.68244406217423,False
trial_003_ep1_task041,3,41,0.999,medium,28,PPO high probability,5,27,False,0.5401616818619747,0.5401616818619747,0.0,4.883430125113275e-05,-0.011458316075716263,200.6649395001948,200.6649395001948,0.0,False,369.95191472642364,369.95191472642364,0.0,False,512.8500203185278,512.8500203185278,0.0,False,674.4422381491081,674.4422381491081,0.0,False,763.2384600884948,763.2384600884948,0.0,False
trial_003_ep1_task042,3,42,0.99,high,28,PPO sampled,6,27,False,1.524224477828505,1.524224477828505,0.0,0.0002317298329634898,0.10131684153766508,108.21954771081835,108.21954771081835,0.0,False,255.0240174344695,255.0240174344695,0.0,False,409.57788572798415,409.57788572798415,0.0,False,542.222693374126,542.222693374126,0.0,False,625.0816895425554,625.0816895425554,0.0,False
trial_003_ep1_task042,3,42,0.99,high,28,PPO high probability,6,27,False,1.524224477828505,1.524224477828505,0.0,0.0002317298329634898,0.10131684153766508,108.21954771081835,108.21954771081835,0.0,False,255.0240174344695,255.0240174344695,0.0,False,409.57788572798415,409.57788572798415,0.0,False,542.222693374126,542.222693374126,0.0,False,625.0816895425554,625.0816895425554,0.0,False
trial_003_ep1_task043,3,43,0.99,low,28,PPO sampled,5,5,True,1.048918165206206,1.048918165206206,0.0,0.0,0.0,88.75232381048436,88.75232381048436,0.0,False,193.3008029828612,193.3008029828612,0.0,False,334.8425977968509,334.8425977968509,0.0,False,482.2257174036751,482.2257174036751,0.0,False,574.777700987493,574.777700987493,0.0,False
trial_003_ep1_task043,3,43,0.99,low,28,PPO high probability,5,27,False,1.048918165206206,1.048918165206206,0.0,0.00034173749139643217,-0.011458316075716263,88.75232381048436,88.75232381048436,0.0,False,193.3008029828612,193.3008029828612,0.0,False,334.8425977968509,334.8425977968509,0.0,False,482.2257174036751,482.2257174036751,0.0,False,574.777700987493,574.777700987493,0.0,False
trial_003_ep1_task045,3,45,0.9,high,28,PPO sampled,5,17,False,0.5096399941043217,0.8382343327149284,0.3285943386106067,3.0508724893962835e-05,-0.1101425235828518,134.22834291389475,0.0,-134.22834291389475,False,262.4350728321734,217.79927692745633,-44.63579590471704,False,442.750931123866,398.11513521914895,-44.63579590471704,False,570.3413633824077,525.7055674776906,-44.635795904717156,False,644.9890109075023,600.3532150027852,-44.635795904717156,False
trial_003_ep1_task045,3,45,0.9,high,28,PPO high probability,5,27,False,0.5096399941043217,0.5096399941043217,0.0,3.3967254305600214e-05,-0.011458316075716263,134.22834291389475,134.22834291389475,0.0,False,262.4350728321734,260.22051655710527,-2.214556275068105,False,442.750931123866,440.5363748487979,-2.214556275068105,False,570.3413633824077,568.1268071073396,-2.214556275068162,False,644.9890109075023,642.7744546324342,-2.214556275068162,False
trial_003_ep1_task047,3,47,0.9,medium,28,PPO sampled,5,6,False,2.815969743975359,2.8640718152991664,0.048102071323807394,0.0020990997744867457,-0.11277515761338135,46.00628793192761,46.00628793192761,0.0,False,271.7365899132157,261.73833306832404,-9.99825684489167,False,430.4059743467456,420.40771750185394,-9.99825684489167,False,568.7007848968688,558.7025280519772,-9.998256844891557,False,638.2563029224913,628.2580460775997,-9.998256844891557,False
trial_003_ep1_task047,3,47,0.9,medium,28,PPO high probability,5,27,False,2.815969743975359,2.815969743975359,0.0,0.002922475491076826,-0.011458316075716263,46.00628793192761,46.00628793192761,0.0,False,271.7365899132157,262.3215676265143,-9.4150222867014,False,430.4059743467456,420.9909520600442,-9.4150222867014,False,568.7007848968688,559.2857626101675,-9.415022286701287,False,638.2563029224913,628.84128063579,-9.415022286701287,False
trial_003_ep1_task048,3,48,0.999,high,23,PPO sampled,5,21,False,1.6081575349237256,2.000245585541353,0.3920880506176272,0.0005784611491249647,-0.0391893322900452,95.14981026647875,29.237073785638866,-65.91273648083988,False,255.60714258897127,239.70227237377384,-15.904870215197434,False,431.90645862622677,416.00158841102933,-15.904870215197434,False,585.5673592374749,569.6624890222774,-15.904870215197434,False,663.2562816720831,647.3514114568857,-15.904870215197434,False
trial_003_ep1_task048,3,48,0.999,high,23,PPO high probability,5,20,False,1.6081575349237256,1.6081575349237256,0.0,0.00033663313439757925,0.2065561703514038,95.14981026647875,95.14981026647875,0.0,False,255.60714258897127,255.60714258897127,0.0,False,431.90645862622677,431.90645862622677,0.0,False,585.5673592374749,585.5673592374749,0.0,False,663.2562816720831,663.2562816720831,0.0,False
trial_003_ep1_task049,3,49,0.9,high,28,PPO sampled,5,26,False,2.172968328946854,2.4263693214646938,0.25340099251783954,0.0014581756786010702,0.2158391986365821,107.44363113417576,102.74844326873705,-4.695187865438712,False,382.27347154218154,377.5782836767428,-4.695187865438754,False,434.43353744920586,429.7383495837671,-4.695187865438754,False,622.4534818509482,617.7582939855095,-4.695187865438697,False,692.1093563748257,687.414168509387,-4.695187865438697,False
trial_003_ep1_task049,3,49,0.9,high,28,PPO high probability,5,20,False,2.172968328946854,2.172968328946854,0.0,0.0007401205353243512,0.2065561703514038,107.44363113417576,107.44363113417576,0.0,False,382.27347154218154,382.27347154218154,0.0,False,434.43353744920586,434.43353744920586,0.0,False,622.4534818509482,622.4534818509482,0.0,False,692.1093563748257,692.1093563748257,0.0,False
trial_003_ep1_task055,3,55,0.99,medium,28,PPO sampled,6,8,False,1.9556495884978538,2.9390651253437374,0.9834155368458837,-0.0012731972425810145,0.2732746477692174,115.12963951113525,98.14836624766306,-16.98127326347219,False,174.63292499062734,157.65165172715515,-16.98127326347219,False,382.9070592740701,365.9257860105979,-16.98127326347219,False,530.7833289919611,513.8020557284889,-16.98127326347219,False,601.413596893387,584.4323236299149,-16.981273263472076,False
trial_003_ep1_task055,3,55,0.99,medium,28,PPO high probability,6,27,False,1.9556495884978538,1.9556495884978538,0.0,0.0002694245174585941,0.10131684153766508,115.12963951113525,115.12963951113525,0.0,False,174.63292499062734,174.63292499062734,0.0,False,382.9070592740701,382.9070592740701,0.0,False,530.7833289919611,530.7833289919611,0.0,False,601.413596893387,601.413596893387,0.0,False
trial_003_ep1_task056,3,56,0.99,low,28,PPO sampled,6,19,False,2.450691140935346,2.771180641810129,0.3204895008747828,-7.893557359028858e-05,0.17799544314370908,0.0,0.0,0.0,False,101.18835594828127,101.18835594828127,0.0,False,294.819029923853,314.52575520611896,19.70672528226595,True,459.35899178529303,479.065717067559,19.70672528226595,True,520.6087829202359,540.3155082025017,19.706725282265893,True
trial_003_ep1_task056,3,56,0.99,low,28,PPO high probability,6,27,False,2.450691140935346,2.450691140935346,0.0,0.0006364717053849445,0.10131684153766508,0.0,0.0,0.0,False,101.18835594828127,101.18835594828127,0.0,False,294.819029923853,292.98808778683065,-1.8309421370223617,False,459.35899178529303,457.52804964827067,-1.8309421370223617,False,520.6087829202359,518.7778407832135,-1.8309421370223617,False
trial_003_ep1_task058,3,58,0.99,low,28,PPO sampled,6,23,False,1.5309642499417988,1.5319118832984127,0.0009476333566138528,6.336785814897716e-05,0.29912262374054654,0.0,0.0,0.0,False,210.00042532299133,210.2088421180236,0.20841679503226374,True,440.4867422379682,440.6951590330005,0.20841679503229216,True,603.3897904909495,603.5982072859819,0.208416795032349,True,667.6050962165689,667.8135130116012,0.208416795032349,True
trial_003_ep1_task058,3,58,0.99,low,28,PPO high probability,6,27,False,1.5309642499417988,1.5309642499417988,0.0,0.00021390490666495232,0.10131684153766508,0.0,0.0,0.0,False,210.00042532299133,198.53204640542003,-11.4683789175713,False,440.4867422379682,429.01836332039693,-11.468378917571272,False,603.3897904909495,591.9214115733782,-11.468378917571272,False,667.6050962165689,656.1367172989976,-11.468378917571272,False
trial_003_ep1_task059,3,59,0.9,low,28,PPO sampled,5,27,False,2.246260086522261,2.246260086522261,0.0,0.001586335165276731,-0.011458316075716263,90.69240280367642,90.69240280367642,0.0,False,329.60242897727824,351.7862320083502,22.18380303107199,False,517.0521312234771,539.2359342545491,22.18380303107199,False,659.3761598904406,681.5599629215126,22.18380303107199,False,719.8312114262628,742.0150144573348,22.18380303107199,False
trial_003_ep1_task059,3,59,0.9,low,28,PPO high probability,5,27,False,2.246260086522261,2.246260086522261,0.0,0.001586335165276731,-0.011458316075716263,90.69240280367642,90.69240280367642,0.0,False,329.60242897727824,351.7862320083502,22.18380303107199,False,517.0521312234771,539.2359342545491,22.18380303107199,False,659.3761598904406,681.5599629215126,22.18380303107199,False,719.8312114262628,742.0150144573348,22.18380303107199,False
trial_003_ep1_task069,3,69,0.999,low,28,PPO sampled,5,23,False,1.062660130667802,1.062660130667802,0.0,0.00024163228520146518,0.1863474661271652,0.0,0.0,0.0,False,270.4093816395191,270.4093816395191,0.0,False,408.1813278335916,408.1813278335916,0.0,False,541.5853238451846,541.5853238451846,0.0,False,585.30527679234,585.30527679234,0.0,False
trial_003_ep1_task069,3,69,0.999,low,28,PPO high probability,5,27,False,1.062660130667802,1.062660130667802,0.0,0.00030083707916561675,-0.011458316075716263,0.0,0.0,0.0,False,270.4093816395191,268.8366155273868,-1.5727661121322853,False,408.1813278335916,406.6085617214593,-1.5727661121322853,False,541.5853238451846,540.0125577330523,-1.5727661121322853,False,585.30527679234,583.7325106802077,-1.5727661121322853,False
trial_003_ep1_task072,3,72,0.999,low,28,PPO sampled,5,14,False,0.8393392716432333,1.1594592902191945,0.3201200185759612,0.0001172138414148316,0.04179791596413743,0.0,0.0,0.0,False,255.03514374858023,238.09378688021025,-16.94135686836998,False,411.9171655598599,394.97580869148993,-16.94135686836995,False,543.2143226398064,526.2729657714364,-16.941356868370008,False,594.8003128243868,577.8589559560169,-16.941356868369894,False
trial_003_ep1_task072,3,72,0.999,low,28,PPO high probability,5,27,False,0.8393392716432333,0.8393392716432333,0.0,0.00022668795732916358,-0.011458316075716263,0.0,0.0,0.0,False,255.03514374858023,255.03514374858023,0.0,False,411.9171655598599,411.9171655598599,0.0,False,543.2143226398064,543.2143226398064,0.0,False,594.8003128243868,594.8003128243868,0.0,False
trial_003_ep1_task075,3,75,0.999,low,23,PPO sampled,5,9,False,1.5857580147659478,2.37550614802598,0.7897481332600322,0.000128448221715316,-0.0867557170079356,146.07872352089313,127.5364578190977,-18.54226570179543,False,277.784488627901,259.24222292610557,-18.54226570179543,False,472.33966144008235,453.797395738287,-18.542265701795372,False,563.1459380565296,544.6036723547342,-18.542265701795486,False,613.2472809657617,594.7050152639662,-18.542265701795486,False
trial_003_ep1_task075,3,75,0.999,low,23,PPO high probability,5,27,False,1.5857580147659478,1.5857580147659478,0.0,0.0006399184702631233,-0.011458316075716263,146.07872352089313,146.07872352089313,0.0,False,277.784488627901,277.784488627901,0.0,False,472.33966144008235,472.33966144008235,0.0,False,563.1459380565296,563.1459380565296,0.0,False,613.2472809657617,613.2472809657617,0.0,False
trial_003_ep1_task077,3,77,0.9999,medium,0,PPO sampled,26,26,True,2.308063581671249,2.308063581671249,0.0,0.0,0.0,90.01025244575212,90.01025244575212,0.0,False,265.68108149380964,265.68108149380964,0.0,False,399.6501372142147,399.6501372142147,0.0,False,524.8843181363369,524.8843181363369,0.0,False,577.0270584163056,577.0270584163056,0.0,False
trial_003_ep1_task077,3,77,0.9999,medium,0,PPO high probability,26,26,True,2.308063581671249,2.308063581671249,0.0,0.0,0.0,90.01025244575212,90.01025244575212,0.0,False,265.68108149380964,265.68108149380964,0.0,False,399.6501372142147,399.6501372142147,0.0,False,524.8843181363369,524.8843181363369,0.0,False,577.0270584163056,577.0270584163056,0.0,False
trial_003_ep1_task080,3,80,0.9999,low,3,PPO sampled,27,24,False,1.2887974761044962,1.2961439416556417,0.007346465551145487,7.429835587879907e-07,-0.05454315328875958,107.20720988651712,106.90272738569473,-0.30448250082238815,False,329.7853760166844,329.480893515862,-0.3044825008223597,False,425.41439807974984,425.1099155789275,-0.3044825008223597,False,525.3236671747293,525.0191846739069,-0.3044825008223597,False,569.8308248660859,569.5263423652635,-0.3044825008223597,False
trial_003_ep1_task080,3,80,0.9999,low,3,PPO high probability,27,27,True,1.2887974761044962,1.2887974761044962,0.0,0.0,0.0,107.20720988651712,107.20720988651712,0.0,False,329.7853760166844,329.7853760166844,0.0,False,425.41439807974984,425.41439807974984,0.0,False,525.3236671747293,525.3236671747293,0.0,False,569.8308248660859,569.8308248660859,0.0,False
trial_003_ep1_task084,3,84,0.9,high,28,PPO sampled,6,26,False,2.160360379162084,2.160360379162084,0.0,0.00039129179464281183,0.32861435624996344,119.77955208576603,119.77955208576603,0.0,False,265.5332817962758,265.5332817962758,0.0,False,334.5670105483652,334.5670105483652,0.0,False,447.98923932191764,447.98923932191764,0.0,False,486.9394158352173,486.9394158352173,0.0,False
trial_003_ep1_task084,3,84,0.9,high,28,PPO high probability,6,27,False,2.160360379162084,2.160360379162084,0.0,0.0003528982906457756,0.10131684153766508,119.77955208576603,119.77955208576603,0.0,False,265.5332817962758,265.5332817962758,0.0,False,334.5670105483652,334.5670105483652,0.0,False,447.98923932191764,447.98923932191764,0.0,False,486.9394158352173,486.9394158352173,0.0,False
trial_003_ep1_task085,3,85,0.9999,low,0,PPO sampled,26,26,True,2.0671464646139994,2.0671464646139994,0.0,0.0,0.0,-7.297057928060082,-7.297057928060082,0.0,False,161.94858856723306,161.94858856723306,0.0,False,260.42985792412105,260.42985792412105,0.0,False,364.6774302623907,364.6774302623907,0.0,False,408.8771578230145,408.8771578230145,0.0,False
trial_003_ep1_task085,3,85,0.9999,low,0,PPO high probability,26,26,True,2.0671464646139994,2.0671464646139994,0.0,0.0,0.0,-7.297057928060082,-7.297057928060082,0.0,False,161.94858856723306,161.94858856723306,0.0,False,260.42985792412105,260.42985792412105,0.0,False,364.6774302623907,364.6774302623907,0.0,False,408.8771578230145,408.8771578230145,0.0,False
trial_003_ep1_task088,3,88,0.9999,low,25,PPO sampled,5,16,False,0.5984438522102927,0.5984438522102927,0.0,2.4967457581070995e-05,0.08169618809386381,123.42940884409592,123.42940884409592,0.0,False,228.64771207849532,228.64771207849532,0.0,False,317.744892706951,317.744892706951,0.0,False,419.3863815600081,419.3863815600081,0.0,False,463.40090108562214,463.40090108562214,0.0,False
trial_003_ep1_task088,3,88,0.9999,low,25,PPO high probability,5,27,False,0.5984438522102927,0.5984438522102927,0.0,4.883430125113275e-05,-0.011458316075716263,123.42940884409592,123.42940884409592,0.0,False,228.64771207849532,228.64771207849532,0.0,False,317.744892706951,317.744892706951,0.0,False,419.3863815600081,419.3863815600081,0.0,False,463.40090108562214,463.40090108562214,0.0,False
trial_003_ep1_task089,3,89,0.9999,low,0,PPO sampled,26,26,True,1.954446678437069,1.954446678437069,0.0,0.0,0.0,0.0,0.0,0.0,False,116.90922581599932,116.90922581599932,0.0,False,257.88328684645137,257.88328684645137,0.0,False,328.84108079545797,328.84108079545797,0.0,False,378.1118124836421,378.1118124836421,0.0,False
trial_003_ep1_task089,3,89,0.9999,low,0,PPO high probability,26,26,True,1.954446678437069,1.954446678437069,0.0,0.0,0.0,0.0,0.0,0.0,False,116.90922581599932,116.90922581599932,0.0,False,257.88328684645137,257.88328684645137,0.0,False,328.84108079545797,328.84108079545797,0.0,False,378.1118124836421,378.1118124836421,0.0,False
trial_003_ep1_task090,3,90,0.9,medium,28,PPO sampled,5,10,False,1.195813813032279,1.5732450861634808,0.3774312731312017,0.00015171205443265112,0.052351514069384986,75.48788665726468,61.09343486844925,-14.39445178881543,False,181.17334619327266,166.77889440445722,-14.394451788815445,False,300.9314371737614,286.536985384946,-14.394451788815445,False,379.7734304504354,365.37897866161995,-14.394451788815445,False,434.5186878817511,420.12423609293563,-14.394451788815445,False
trial_003_ep1_task090,3,90,0.9,medium,28,PPO high probability,5,27,False,1.195813813032279,1.195813813032279,0.0,0.00034173749139643217,-0.011458316075716263,75.48788665726468,75.48788665726468,0.0,False,181.17334619327266,181.17334619327266,0.0,False,300.9314371737614,300.9314371737614,0.0,False,379.7734304504354,379.7734304504354,0.0,False,434.5186878817511,434.5186878817511,0.0,False
trial_003_ep1_task091,3,91,0.99,low,28,PPO sampled,5,5,True,1.121815001864744,1.121815001864744,0.0,0.0,0.0,0.0,0.0,0.0,False,117.42828837334218,117.42828837334218,0.0,False,281.6135228112412,281.6135228112412,0.0,False,351.11891544558677,351.11891544558677,0.0,False,399.6623197944758,399.6623197944758,0.0,False
trial_003_ep1_task091,3,91,0.99,low,28,PPO high probability,5,27,False,1.121815001864744,1.121815001864744,0.0,0.00022668795732916358,-0.011458316075716263,0.0,0.0,0.0,False,117.42828837334218,109.26232505185263,-8.165963321489556,False,281.6135228112412,268.7023877447759,-12.911135066465306,False,351.11891544558677,338.20778037912146,-12.911135066465306,False,399.6623197944758,386.7511847280105,-12.911135066465306,False
trial_003_ep1_task093,3,93,0.999,high,11,PPO sampled,19,6,False,3.014487082646392,3.0810173651201636,0.06653028247377168,7.893557359028858e-05,-0.17799544314370908,0.0,0.0,0.0,False,151.50051214637688,150.88685774264715,-0.6136544037297256,False,294.58012687891215,292.7625977302208,-1.8175291486913352,False,358.82435390118354,357.00682475249215,-1.817529148691392,False,401.4128290028183,399.5952998541269,-1.817529148691392,False
trial_003_ep1_task093,3,93,0.999,high,11,PPO high probability,19,27,False,3.014487082646392,3.0810173651201636,0.06653028247377168,0.000715407278975233,-0.076678601606044,0.0,0.0,0.0,False,151.50051214637688,95.96800981030992,-55.532502336066955,False,294.58012687891215,262.8808165763645,-31.699310302547644,False,358.82435390118354,327.12504359863584,-31.6993103025477,False,401.4128290028183,369.7135187002706,-31.6993103025477,False
trial_003_ep1_task094,3,94,0.999,high,8,PPO sampled,22,25,False,3.238105281628916,3.238105281628916,0.0,-8.919750562053075e-06,0.15841808918217606,56.21056943896119,56.21056943896119,0.0,False,238.74081022617156,238.74081022617156,0.0,False,325.29177525580087,325.29177525580087,0.0,False,396.6742497249913,396.6742497249913,0.0,False,443.99477761569636,443.99477761569636,0.0,False
trial_003_ep1_task094,3,94,0.999,high,8,PPO high probability,22,27,False,3.238105281628916,3.3705087733811943,0.13240349175227806,0.00035223124269923023,-0.06480812395935551,56.21056943896119,56.21056943896119,0.0,False,238.74081022617156,237.9899372142621,-0.750873011909448,False,325.29177525580087,323.58990580508237,-1.7018694507185046,False,396.6742497249913,394.9723802742728,-1.7018694507185046,False,443.99477761569636,442.29290816497786,-1.7018694507185046,False
trial_003_ep1_task095,3,95,0.9999,high,0,PPO sampled,26,26,True,3.174975120182006,3.174975120182006,0.0,0.0,0.0,0.0,0.0,0.0,False,202.81137865245597,202.81137865245597,0.0,False,298.97911757426635,298.97911757426635,0.0,False,378.292978095589,378.292978095589,0.0,False,431.1137652724794,431.1137652724794,0.0,False
trial_003_ep1_task095,3,95,0.9999,high,0,PPO high probability,26,26,True,3.174975120182006,3.174975120182006,0.0,0.0,0.0,0.0,0.0,0.0,False,202.81137865245597,202.81137865245597,0.0,False,298.97911757426635,298.97911757426635,0.0,False,378.292978095589,378.292978095589,0.0,False,431.1137652724794,431.1137652724794,0.0,False
trial_003_ep1_task098,3,98,0.9999,high,27,PPO sampled,5,14,False,0.6544141328802202,1.1014600395801983,0.4470459066999781,1.763466500359634e-05,0.04179791596413743,139.95376266223232,108.35047411625474,-31.603288545977577,False,271.87110000353596,240.26781145755837,-31.60328854597759,False,323.1082316789873,291.5049431330097,-31.60328854597759,False,402.52335369643083,370.92006515045324,-31.60328854597759,False,455.3512852487435,423.74799670276593,-31.60328854597759,False
trial_003_ep1_task098,3,98,0.9999,high,27,PPO high probability,5,20,False,0.6544141328802202,0.6544141328802202,0.0,1.802094838387891e-05,0.2065561703514038,139.95376266223232,139.95376266223232,0.0,False,271.87110000353596,271.87110000353596,0.0,False,323.1082316789873,323.1082316789873,0.0,False,402.52335369643083,402.52335369643083,0.0,False,455.3512852487435,455.3512852487435,0.0,False
trial_003_ep1_task099,3,99,0.9,low,28,PPO sampled,6,27,False,2.9227642162708376,2.9227642162708376,0.0,0.0008566707805812701,0.10131684153766508,0.0,0.0,0.0,False,194.5519612250011,146.57481926811514,-47.97714195688596,False,251.48210753105815,203.5049655741722,-47.97714195688596,False,339.7211319948843,291.74399003799834,-47.97714195688593,False,398.4188337196763,350.44169176279036,-47.97714195688593,False
trial_003_ep1_task099,3,99,0.9,low,28,PPO high probability,6,27,False,2.9227642162708376,2.9227642162708376,0.0,0.0008566707805812701,0.10131684153766508,0.0,0.0,0.0,False,194.5519612250011,146.57481926811514,-47.97714195688596,False,251.48210753105815,203.5049655741722,-47.97714195688596,False,339.7211319948843,291.74399003799834,-47.97714195688593,False,398.4188337196763,350.44169176279036,-47.97714195688593,False
trial_003_ep1_task100,3,100,0.9999,high,9,PPO sampled,22,27,False,1.0855360942436658,2.8699579523742162,1.7844218581305504,2.943017865697506e-05,-0.06480812395935551,126.61710436737647,80.3279376998118,-46.28916666756467,False,209.15007696547036,162.86091029790572,-46.28916666756464,False,272.40579508331155,226.11662841574687,-46.28916666756467,False,381.9837185824362,335.69455191487157,-46.28916666756464,False,436.2372992534314,389.94813258586674,-46.28916666756464,False
trial_003_ep1_task100,3,100,0.9999,high,9,PPO high probability,22,27,False,1.0855360942436658,2.8699579523742162,1.7844218581305504,2.943017865697506e-05,-0.06480812395935551,126.61710436737647,80.3279376998118,-46.28916666756467,False,209.15007696547036,162.86091029790572,-46.28916666756464,False,272.40579508331155,226.11662841574687,-46.28916666756467,False,381.9837185824362,335.69455191487157,-46.28916666756464,False,436.2372992534314,389.94813258586674,-46.28916666756464,False
trial_003_ep1_task101,3,101,0.9,low,28,PPO sampled,6,12,False,2.167925982216101,2.167925982216101,0.0,0.00011677367384987924,0.14588100893496747,0.0,0.0,0.0,False,91.703302886771,91.703302886771,0.0,False,199.33951928433441,199.33951928433441,0.0,False,281.86893044945487,281.86893044945487,0.0,False,344.440543552935,344.440543552935,0.0,False
trial_003_ep1_task101,3,101,0.9,low,28,PPO high probability,6,27,False,2.167925982216101,2.167925982216101,0.0,0.0004979178218269542,0.10131684153766508,0.0,0.0,0.0,False,91.703302886771,91.703302886771,0.0,False,199.33951928433441,199.33951928433441,0.0,False,281.86893044945487,281.86893044945487,0.0,False,344.440543552935,344.440543552935,0.0,False
trial_003_ep1_task102,3,102,0.9,high,28,PPO sampled,5,19,False,2.0376851021673748,2.274190668829209,0.2365055666618341,0.0008584634776428457,0.06522028553032774,106.70828422346348,101.89255876307888,-4.8157254603845985,False,184.80176338129206,179.98603792090745,-4.815725460384613,False,249.75023902885738,244.93451356847277,-4.815725460384613,False,324.3205381313812,319.5048126709966,-4.815725460384613,False,388.09057413740965,383.2748486770251,-4.815725460384556,False
trial_003_ep1_task102,3,102,0.9,high,28,PPO high probability,5,20,False,2.0376851021673748,2.0376851021673748,0.0,0.0006558768593092346,0.2065561703514038,106.70828422346348,106.70828422346348,0.0,False,184.80176338129206,184.80176338129206,0.0,False,249.75023902885738,249.75023902885738,0.0,False,324.3205381313812,324.3205381313812,0.0,False,388.09057413740965,388.09057413740965,0.0,False
trial_003_ep1_task109,3,109,0.9,high,28,PPO sampled,2,20,False,1.6938004062524783,1.6938004062524783,0.0,0.0007931406988602729,0.2885673756785122,0.0,0.0,0.0,False,183.42602710817883,183.42602710817883,0.0,False,253.06705065710233,253.06705065710233,0.0,False,357.01188905860283,357.01188905860283,0.0,False,427.7677778776328,427.7677778776328,0.0,False
trial_003_ep1_task109,3,109,0.9,high,28,PPO high probability,2,27,False,1.6938004062524783,2.0112486907903815,0.3174482845379032,0.001044313619016024,0.07055288925139216,0.0,0.0,0.0,False,183.42602710817883,163.85067646807335,-19.575350640105484,False,253.06705065710233,233.49170001699684,-19.575350640105484,False,357.01188905860283,337.4365384184973,-19.575350640105512,False,427.7677778776328,408.1924272375273,-19.575350640105512,False
trial_003_ep1_task110,3,110,0.9999,high,3,PPO sampled,24,26,False,1.7974914497208148,1.7974914497208148,0.0,1.8556031171068632e-05,0.28184066800105795,96.4122606213469,96.4122606213469,0.0,False,203.80669678686536,203.80669678686536,0.0,False,314.2664154046863,314.2664154046863,0.0,False,401.4198987155327,401.4198987155327,0.0,False,475.2975309751474,475.2975309751474,0.0,False
trial_003_ep1_task110,3,110,0.9999,high,3,PPO high probability,24,27,False,1.7974914497208148,1.7974914497208148,0.0,-8.976509653368936e-07,0.05454315328875958,96.4122606213469,96.4122606213469,0.0,False,203.80669678686536,203.80669678686536,0.0,False,314.2664154046863,314.2664154046863,0.0,False,401.4198987155327,401.4198987155327,0.0,False,475.2975309751474,475.2975309751474,0.0,False
trial_003_ep1_task113,3,113,0.99,low,27,PPO sampled,6,11,False,2.6720643754974684,2.881016403076259,0.2089520275787904,-0.0016873534588445205,0.12641717597777652,0.0,0.0,0.0,False,87.99188946352494,106.14391639829824,18.152026934773303,True,146.87323113547683,165.02525807025012,18.15202693477329,True,280.36734628585054,298.51937322062383,18.15202693477329,True,356.199880935487,374.3519078702603,18.15202693477329,True
trial_003_ep1_task113,3,113,0.99,low,27,PPO high probability,6,27,False,2.6720643754974684,2.6720643754974684,0.0,0.0008905701273256295,0.10131684153766508,0.0,0.0,0.0,False,87.99188946352494,101.86230774427511,13.870418280750172,False,146.87323113547683,160.743649416227,13.870418280750158,False,280.36734628585054,294.2377645666007,13.87041828075013,False,356.199880935487,370.0702992162371,13.87041828075013,False
trial_003_ep1_task114,3,114,0.9999,high,3,PPO sampled,24,26,False,1.7557511961119823,1.7557511961119823,0.0,1.8556031171068632e-05,0.28184066800105795,0.0,0.0,0.0,False,120.36313032371706,117.93768488699806,-2.425445436719002,False,232.61554015739807,230.19009472067904,-2.4254454367190306,False,334.1136379040788,331.6881924673598,-2.4254454367190306,False,418.372009737008,415.946564300289,-2.4254454367189737,False
trial_003_ep1_task114,3,114,0.9999,high,3,PPO high probability,24,27,False,1.7557511961119823,1.7557511961119823,0.0,-8.976509653368936e-07,0.05454315328875958,0.0,0.0,0.0,False,120.36313032371706,120.36313032371706,0.0,False,232.61554015739807,232.61554015739807,0.0,False,334.1136379040788,334.1136379040788,0.0,False,418.372009737008,418.372009737008,0.0,False
trial_003_ep1_task117,3,117,0.99,high,28,PPO sampled,5,2,False,2.75659516458508,3.2170737249763794,0.4604785603912993,-0.0018774949948510145,-0.08201120532710843,99.05401046219676,93.29396634653234,-5.760044115664414,False,188.79847269653888,183.03842858087447,-5.760044115664414,False,299.1952039525101,293.4351598368457,-5.760044115664414,False,427.14742615235696,421.38738203669254,-5.760044115664414,False,508.91903274708045,503.15898863141604,-5.760044115664414,False
trial_003_ep1_task117,3,117,0.99,high,28,PPO high probability,5,20,False,2.75659516458508,2.75659516458508,0.0,0.0010207801462083221,0.2065561703514038,99.05401046219676,99.05401046219676,0.0,False,188.79847269653888,188.79847269653888,0.0,False,299.1952039525101,299.1952039525101,0.0,False,427.14742615235696,427.14742615235696,0.0,False,508.91903274708045,508.91903274708045,0.0,False
trial_003_ep1_task118,3,118,0.999,low,27,PPO sampled,5,6,False,1.0766998609381224,1.1130182867487226,0.036318425810600186,0.0002454405028537998,-0.11277515761338135,0.0,0.0,0.0,False,103.2220822433207,99.71606914926903,-3.506013094051667,False,225.88511697217766,222.379103878126,-3.506013094051667,False,388.5905289319839,385.0845158379322,-3.5060130940516956,False,458.9115934105893,455.4055803165376,-3.5060130940516956,False
trial_003_ep1_task118,3,118,0.999,low,27,PPO high probability,5,27,False,1.0766998609381224,1.0766998609381224,0.0,0.00034173749139643217,-0.011458316075716263,0.0,0.0,0.0,False,103.2220822433207,101.40313578658004,-1.8189464567406617,False,225.88511697217766,224.066170515437,-1.8189464567406617,False,388.5905289319839,386.77158247524324,-1.8189464567406617,False,458.9115934105893,457.09264695384866,-1.8189464567406617,False
trial_003_ep1_task123,3,123,0.9,high,28,PPO sampled,6,25,False,1.9803297221054055,2.1604506861743813,0.18012096406897582,0.0001816172009326822,0.32454305467919664,124.75976650915221,120.87305187631814,-3.886714632834071,False,211.61764103100668,207.7309263981726,-3.886714632834071,False,386.7440978197267,382.85738318689255,-3.8867146328341278,False,535.2535660943456,531.3668514615115,-3.8867146328341278,False,608.0857210741834,604.1990064413493,-3.8867146328341278,False
trial_003_ep1_task123,3,123,0.9,high,28,PPO high probability,6,27,False,1.9803297221054055,1.9803297221054055,0.0,0.000309823003512677,0.10131684153766508,124.75976650915221,124.75976650915221,0.0,False,211.61764103100668,211.61764103100668,0.0,False,386.7440978197267,386.7440978197267,0.0,False,535.2535660943456,535.2535660943456,0.0,False,608.0857210741834,608.0857210741834,0.0,False
trial_003_ep1_task124,3,124,0.9,low,28,PPO sampled,6,3,False,1.411457901748475,1.9171868526227127,0.5057289508742377,-0.0005344960921824793,0.3264976386430252,72.53371758772748,57.50357811010222,-15.030139477625262,False,197.94677379627728,182.916634318652,-15.030139477625283,False,306.12384093381905,291.0937014561938,-15.030139477625255,False,471.13436123895127,456.104221761326,-15.030139477625255,False,552.5799008231518,537.5497613455267,-15.030139477625085,False
trial_003_ep1_task124,3,124,0.9,low,28,PPO high probability,6,27,False,1.411457901748475,1.411457901748475,0.0,0.00021390490666495232,0.10131684153766508,72.53371758772748,72.53371758772748,0.0,False,197.94677379627728,197.94677379627728,0.0,False,306.12384093381905,306.12384093381905,0.0,False,471.13436123895127,471.13436123895127,0.0,False,552.5799008231518,552.5799008231518,0.0,False
trial_003_ep1_task127,3,127,0.999,low,28,PPO sampled,5,6,False,0.47068852579911935,0.52892532077631,0.0582367949771907,3.5073209550651185e-05,-0.11277515761338135,0.0,0.0,0.0,False,274.12558361780987,266.920373096662,-7.205210521147876,False,374.16859994995934,366.96338942881147,-7.205210521147876,False,537.9042638047596,530.6990532836118,-7.205210521147819,False,612.3911085806866,605.1858980595388,-7.205210521147819,False
trial_003_ep1_task127,3,127,0.999,low,28,PPO high probability,5,27,False,0.47068852579911935,0.47068852579911935,0.0,4.883430125113275e-05,-0.011458316075716263,0.0,0.0,0.0,False,274.12558361780987,274.12558361780987,0.0,False,374.16859994995934,374.16859994995934,0.0,False,537.9042638047596,537.9042638047596,0.0,False,612.3911085806866,612.3911085806866,0.0,False
trial_003_ep1_task128,3,128,0.999,medium,12,PPO sampled,23,27,False,2.4951904784244134,2.4951904784244134,0.0,0.00037341975334503896,-0.19780578220288147,131.69926055467892,131.69926055467892,0.0,False,297.2856433656033,296.57819232962447,-0.7074510359788064,False,467.34201528704847,466.63456425106966,-0.7074510359788064,False,609.1320636524391,608.4246126164603,-0.7074510359788064,False,673.9708765723622,673.2634255363834,-0.7074510359788064,False
trial_003_ep1_task128,3,128,0.999,medium,12,PPO high probability,23,27,False,2.4951904784244134,2.4951904784244134,0.0,0.00037341975334503896,-0.19780578220288147,131.69926055467892,131.69926055467892,0.0,False,297.2856433656033,296.57819232962447,-0.7074510359788064,False,467.34201528704847,466.63456425106966,-0.7074510359788064,False,609.1320636524391,608.4246126164603,-0.7074510359788064,False,673.9708765723622,673.2634255363834,-0.7074510359788064,False
trial_003_ep1_task131,3,131,0.999,low,23,PPO sampled,5,27,False,1.515297011257422,1.515297011257422,0.0,0.000698296738516957,-0.011458316075716263,182.85145300620673,182.85145300620673,0.0,False,335.3328069646726,335.3328069646726,0.0,False,496.68177440319914,496.68177440319914,0.0,False,635.3875917838117,635.3875917838117,0.0,False,700.4151108046478,700.4151108046478,0.0,False
trial_003_ep1_task131,3,131,0.999,low,23,PPO high probability,5,27,False,1.515297011257422,1.515297011257422,0.0,0.000698296738516957,-0.011458316075716263,182.85145300620673,182.85145300620673,0.0,False,335.3328069646726,335.3328069646726,0.0,False,496.68177440319914,496.68177440319914,0.0,False,635.3875917838117,635.3875917838117,0.0,False,700.4151108046478,700.4151108046478,0.0,False
trial_003_ep1_task133,3,133,0.99,high,28,PPO sampled,6,21,False,1.134376265576297,1.134376265576297,0.0,5.5992063997090114e-05,0.07358582532333614,0.0,0.0,0.0,False,287.9919590872753,287.9919590872753,0.0,False,425.92099537908587,425.92099537908587,0.0,False,573.4468393448944,573.4468393448944,0.0,False,639.635157865184,639.635157865184,0.0,False
trial_003_ep1_task133,3,133,0.99,high,28,PPO high probability,6,27,False,1.134376265576297,1.134376265576297,0.0,8.477202271284234e-05,0.10131684153766508,0.0,0.0,0.0,False,287.9919590872753,276.3359553379628,-11.656003749312504,False,425.92099537908587,414.26499162977336,-11.656003749312504,False,573.4468393448944,561.7908355955819,-11.656003749312504,False,639.635157865184,627.9791541158716,-11.656003749312504,False
trial_003_ep1_task136,3,136,0.999,medium,28,PPO sampled,5,24,False,0.7197361753909438,0.858819551577499,0.1390833761865552,8.665800442630989e-05,-0.06600146936447585,0.0,0.0,0.0,False,283.7711494034429,273.2458931371005,-10.52525626634241,False,415.11762253882995,404.59236627248754,-10.52525626634241,False,567.3719200804613,556.8466638141189,-10.525256266342467,False,631.2206294503783,620.6953731840358,-10.525256266342467,False
trial_003_ep1_task136,3,136,0.999,medium,28,PPO high probability,5,27,False,0.7197361753909438,0.7197361753909438,0.0,8.653804295799539e-05,-0.011458316075716263,0.0,0.0,0.0,False,283.7711494034429,283.0997766595115,-0.6713727439313857,False,415.11762253882995,414.44624979489856,-0.6713727439313857,False,567.3719200804613,566.7005473365299,-0.6713727439314425,False,631.2206294503783,630.5492567064468,-0.6713727439314425,False
trial_003_ep1_task138,3,138,0.9,medium,28,PPO sampled,5,16,False,1.6766493441486316,1.6766493441486316,0.0,0.0004493448918977405,0.08169618809386381,63.863668963299126,63.863668963299126,0.0,False,233.58403409339792,233.58403409339792,0.0,False,406.64988728504574,406.64988728504574,0.0,False,527.28305875889,527.28305875889,0.0,False,597.9575736448924,597.9575736448924,0.0,False
trial_003_ep1_task138,3,138,0.9,medium,28,PPO high probability,5,27,False,1.6766493441486316,1.6766493441486316,0.0,0.0008880701532297808,-0.011458316075716263,63.863668963299126,63.863668963299126,0.0,False,233.58403409339792,233.58403409339792,0.0,False,406.64988728504574,406.64988728504574,0.0,False,527.28305875889,527.28305875889,0.0,False,597.9575736448924,597.9575736448924,0.0,False
trial_003_ep1_task139,3,139,0.999,medium,18,PPO sampled,6,16,False,1.6397227595106818,1.7249447668175204,0.0852220073068386,-0.00023424954052198022,0.19447134570724517,0.0,0.0,0.0,False,187.66762816651806,188.57818347788756,0.9105553113695066,True,379.9630206016823,380.8735759130518,0.910555311369535,True,529.9320945454532,530.8426498568227,0.910555311369535,True,592.5271165570675,593.4376718684371,0.910555311369535,True
trial_003_ep1_task139,3,139,0.999,medium,18,PPO high probability,6,27,False,1.6397227595106818,1.6397227595106818,0.0,0.000309823003512677,0.10131684153766508,0.0,0.0,0.0,False,187.66762816651806,187.66762816651806,0.0,False,379.9630206016823,379.9630206016823,0.0,False,529.9320945454532,529.9320945454532,0.0,False,592.5271165570675,592.5271165570675,0.0,False
trial_003_ep1_task140,3,140,0.9999,high,1,PPO sampled,26,26,True,1.5860618481941762,1.5860618481941762,0.0,0.0,0.0,129.0872348481477,129.0872348481477,0.0,False,237.3067349795852,237.3067349795852,0.0,False,461.6530186607684,461.6530186607684,0.0,False,589.8251665075807,589.8251665075807,0.0,False,660.4182429569021,660.4182429569021,0.0,False
trial_003_ep1_task140,3,140,0.9999,high,1,PPO high probability,26,26,True,1.5860618481941762,1.5860618481941762,0.0,0.0,0.0,129.0872348481477,129.0872348481477,0.0,False,237.3067349795852,237.3067349795852,0.0,False,461.6530186607684,461.6530186607684,0.0,False,589.8251665075807,589.8251665075807,0.0,False,660.4182429569021,660.4182429569021,0.0,False
trial_003_ep1_task141,3,141,0.99,low,28,PPO sampled,6,8,False,2.1057768536707213,2.7371845691138144,0.631407715443093,-0.0021113996002255497,0.2732746477692174,0.0,0.0,0.0,False,220.32951104472295,222.43640558754086,2.106894542817912,True,395.69750466475034,397.8043992075682,2.1068945428178836,True,509.8241406343299,511.9310351771478,2.1068945428178836,True,588.6734293045239,590.7803238473418,2.1068945428179404,True
trial_003_ep1_task141,3,141,0.99,low,28,PPO high probability,6,27,False,2.1057768536707213,2.1057768536707213,0.0,0.0004469722234705653,0.10131684153766508,0.0,0.0,0.0,False,220.32951104472295,220.32951104472295,0.0,False,395.69750466475034,395.69750466475034,0.0,False,509.8241406343299,509.8241406343299,0.0,False,588.6734293045239,588.6734293045239,0.0,False
trial_003_ep1_task142,3,142,0.99,high,28,PPO sampled,5,24,False,0.653582830432855,0.8763417544251287,0.2227589239922737,3.401422072990545e-05,-0.06600146936447585,117.6607712225048,99.3136791694851,-18.347092053019708,False,299.4403364758916,281.0932444228719,-18.347092053019708,False,498.4507607932644,480.10366874024464,-18.347092053019765,False,599.220541113906,580.8734490608863,-18.347092053019765,False,675.1634145751146,656.8163225220949,-18.347092053019765,False
trial_003_ep1_task142,3,142,0.99,high,28,PPO high probability,5,27,False,0.653582830432855,0.653582830432855,0.0,3.3967254305600214e-05,-0.011458316075716263,117.6607712225048,117.6607712225048,0.0,False,299.4403364758916,299.4403364758916,0.0,False,498.4507607932644,498.4507607932644,0.0,False,599.220541113906,599.220541113906,0.0,False,675.1634145751146,675.1634145751146,0.0,False
trial_003_ep1_task144,3,144,0.99,medium,28,PPO sampled,6,18,False,2.357602224528084,3.019353863971104,0.6617516394430201,-0.0003515999471130904,0.08904541815948262,42.334125901775,42.334125901775,0.0,False,323.40627779712935,325.6539356046067,2.247657807477367,True,467.8634404280282,470.11109823550555,2.247657807477367,True,628.137594686785,630.3852524942623,2.247657807477367,True,687.0188398544461,689.2664976619234,2.2476578074772533,True
trial_003_ep1_task144,3,144,0.99,medium,28,PPO high probability,6,27,False,2.357602224528084,2.357602224528084,0.0,0.0005243562677544888,0.10131684153766508,42.334125901775,42.334125901775,0.0,False,323.40627779712935,334.009048271319,10.60277047418964,False,467.8634404280282,478.4662109022179,10.602770474189697,False,628.137594686785,638.7403651609746,10.602770474189697,False,687.0188398544461,697.6216103286357,10.602770474189583,False
trial_003_ep1_task147,3,147,0.9,medium,28,PPO sampled,5,25,False,0.4764059258161351,0.4764059258161351,0.0,4.3261032334540594e-05,0.2117678970658153,138.86792763017945,138.86792763017945,0.0,False,337.02590106076775,337.02590106076775,0.0,False,427.6984188551429,427.6984188551429,0.0,False,582.2089260420902,582.2089260420902,0.0,False,638.4085466232258,638.4085466232258,0.0,False
trial_003_ep1_task147,3,147,0.9,medium,28,PPO high probability,5,27,False,0.4764059258161351,0.4764059258161351,0.0,4.883430125113275e-05,-0.011458316075716263,138.86792763017945,138.86792763017945,0.0,False,337.02590106076775,337.02590106076775,0.0,False,427.6984188551429,427.6984188551429,0.0,False,582.2089260420902,582.2089260420902,0.0,False,638.4085466232258,638.4085466232258,0.0,False
trial_003_ep1_task148,3,148,0.999,low,14,PPO sampled,20,21,False,2.312114240851319,2.3201904014188655,0.008076160567546342,0.0006381581742066489,-0.245745502641449,0.0,0.0,0.0,False,220.308567465934,220.17552603398696,-0.1330414319470492,False,346.105598379394,345.97255694744695,-0.1330414319470492,False,492.7341507785143,492.6011093465672,-0.1330414319470492,False,555.1781736464428,555.0451322144958,-0.1330414319470492,False
trial_003_ep1_task148,3,148,0.999,low,14,PPO high probability,20,27,False,2.312114240851319,2.312114240851319,0.0,0.0008003304118986421,-0.21801448642712007,0.0,0.0,0.0,False,220.308567465934,220.308567465934,0.0,False,346.105598379394,346.105598379394,0.0,False,492.7341507785143,492.7341507785143,0.0,False,555.1781736464428,555.1781736464428,0.0,False
trial_003_ep1_task149,3,149,0.999,medium,16,PPO sampled,16,23,False,2.2582530586083953,2.2582530586083953,0.0,0.0004440475697070623,0.1046512780333014,99.27238653388633,99.27238653388633,0.0,False,244.63947337109664,244.63947337109664,0.0,False,430.1071035558152,430.1071035558152,0.0,False,547.3345659406303,547.3345659406303,0.0,False,616.9988117348289,616.9988117348289,0.0,False
trial_003_ep1_task149,3,149,0.999,medium,16,PPO high probability,16,27,False,2.2582530586083953,2.2582530586083953,0.0,0.0007438941952484512,-0.09315450416958007,99.27238653388633,99.27238653388633,0.0,False,244.63947337109664,244.63947337109664,0.0,False,430.1071035558152,430.1071035558152,0.0,False,547.3345659406303,547.3345659406303,0.0,False,616.9988117348289,616.9988117348289,0.0,False
trial_003_ep1_task151,3,151,0.99,low,28,PPO sampled,5,24,False,0.7132840747245524,0.890658643059439,0.17737456833488663,6.645411541539303e-05,-0.06600146936447585,112.05353021707958,98.33961242002236,-13.71391779705722,False,250.25276477640762,236.5388469793504,-13.713917797057206,False,341.0259131611765,327.3119953641193,-13.713917797057206,False,512.1344068552256,498.42048905816836,-13.713917797057263,False,572.1233143916527,558.4093965945954,-13.71391779705732,False
trial_003_ep1_task151,3,151,0.99,low,28,PPO high probability,5,27,False,0.7132840747245524,0.7132840747245524,0.0,6.636220040523444e-05,-0.011458316075716263,112.05353021707958,112.05353021707958,0.0,False,250.25276477640762,250.25276477640762,0.0,False,341.0259131611765,341.0259131611765,0.0,False,512.1344068552256,512.1344068552256,0.0,False,572.1233143916527,572.1233143916527,0.0,False
trial_003_ep1_task152,3,152,0.99,low,28,PPO sampled,5,27,False,2.476483064045437,2.476483064045437,0.0,0.001861009866192198,-0.011458316075716263,0.0,0.0,0.0,False,153.802426954337,153.55470506592005,-0.24772188841694742,False,289.25262936632447,289.0049074779075,-0.24772188841694742,False,454.4407006049238,454.1929787165069,-0.24772188841689058,False,511.43637097127566,511.1886490828588,-0.24772188841689058,False
trial_003_ep1_task152,3,152,0.99,low,28,PPO high probability,5,27,False,2.476483064045437,2.476483064045437,0.0,0.001861009866192198,-0.011458316075716263,0.0,0.0,0.0,False,153.802426954337,153.55470506592005,-0.24772188841694742,False,289.25262936632447,289.0049074779075,-0.24772188841694742,False,454.4407006049238,454.1929787165069,-0.24772188841689058,False,511.43637097127566,511.1886490828588,-0.24772188841689058,False
trial_003_ep1_task153,3,153,0.999,low,16,PPO sampled,6,17,False,2.0902519730253726,2.0902519730253726,0.0,0.00028283720830568626,0.0026326340305295494,0.0,0.0,0.0,False,213.03837645592643,213.03837645592643,0.0,False,413.69560673585516,413.69560673585516,0.0,False,504.6588652405631,504.6588652405631,0.0,False,567.9873878698427,567.9873878698427,0.0,False
trial_003_ep1_task153,3,153,0.999,low,16,PPO high probability,6,27,False,2.0902519730253726,2.0902519730253726,0.0,0.0004469722234705653,0.10131684153766508,0.0,0.0,0.0,False,213.03837645592643,213.03837645592643,0.0,False,413.69560673585516,413.69560673585516,0.0,False,504.6588652405631,504.6588652405631,0.0,False,567.9873878698427,567.9873878698427,0.0,False
trial_003_ep1_task154,3,154,0.9999,high,1,PPO sampled,26,26,True,2.006203472028457,2.006203472028457,0.0,0.0,0.0,0.0,0.0,0.0,False,314.09106027996825,314.09106027996825,0.0,False,459.6617852620613,459.6617852620613,0.0,False,573.0205534164611,573.0205534164611,0.0,False,631.0970976331586,631.0970976331586,0.0,False
trial_003_ep1_task154,3,154,0.9999,high,1,PPO high probability,26,26,True,2.006203472028457,2.006203472028457,0.0,0.0,0.0,0.0,0.0,0.0,False,314.09106027996825,314.09106027996825,0.0,False,459.6617852620613,459.6617852620613,0.0,False,573.0205534164611,573.0205534164611,0.0,False,631.0970976331586,631.0970976331586,0.0,False
trial_003_ep1_task159,3,159,0.9999,low,9,PPO sampled,23,23,True,1.0392010968221799,1.0392010968221799,0.0,0.0,0.0,0.0,0.0,0.0,False,246.52530099086022,246.52530099086022,0.0,False,336.2050786713244,336.2050786713244,0.0,False,465.94958723205013,465.94958723205013,0.0,False,536.8525078378806,536.8525078378806,0.0,False
trial_003_ep1_task159,3,159,0.9999,low,9,PPO high probability,23,27,False,1.0392010968221799,1.0392010968221799,0.0,5.920479396415157e-05,-0.19780578220288147,0.0,0.0,0.0,False,246.52530099086022,251.34083584834298,4.81553485748276,False,336.2050786713244,341.02061352880713,4.81553485748276,False,465.94958723205013,470.7651220895329,4.81553485748276,False,536.8525078378806,541.6680426953634,4.815534857482817,False
trial_003_ep1_task160,3,160,0.9,low,28,PPO sampled,6,9,False,1.970155737637355,2.6885669397893657,0.7184112021520106,-0.0006916970367389919,0.02601944060544574,0.0,0.0,0.0,False,333.52804838499924,317.4718782881581,-16.05617009684113,False,429.8350017694417,413.7788316726006,-16.05617009684113,False,533.777933688008,517.7217635911669,-16.05617009684113,False,612.5589565833754,596.5027864865343,-16.05617009684113,False
trial_003_ep1_task160,3,160,0.9,low,28,PPO high probability,6,27,False,1.970155737637355,1.970155737637355,0.0,0.0003754313494152006,0.10131684153766508,0.0,0.0,0.0,False,333.52804838499924,325.12981367800495,-8.398234706994288,False,429.8350017694417,421.4367670624474,-8.398234706994288,False,533.777933688008,525.3796989810137,-8.398234706994344,False,612.5589565833754,604.1607218763811,-8.398234706994344,False
trial_003_ep1_task162,3,162,0.99,high,28,PPO sampled,5,13,False,0.7959034422789353,1.0484153766664608,0.2525119343875255,-3.0323566775347643e-06,0.03431908471638101,255.3711467297132,238.96269170088596,-16.408455028827234,False,378.3886744121058,361.98021938327855,-16.408455028827234,False,490.16321655415635,473.7547615253291,-16.408455028827234,False,586.1493124800801,569.7408574512529,-16.408455028827234,False,653.6252027612916,637.2167477324643,-16.408455028827234,False
trial_003_ep1_task162,3,162,0.99,high,28,PPO high probability,5,27,False,0.7959034422789353,0.7959034422789353,0.0,0.00019346435158917874,-0.011458316075716263,255.3711467297132,255.3711467297132,0.0,False,378.3886744121058,378.3886744121058,0.0,False,490.16321655415635,490.16321655415635,0.0,False,586.1493124800801,586.1493124800801,0.0,False,653.6252027612916,653.6252027612916,0.0,False
trial_003_ep1_task163,3,163,0.9,low,28,PPO sampled,5,17,False,1.517985249590816,1.592938378947656,0.07495312935684018,0.0005741638593244058,-0.1101425235828518,0.0,0.0,0.0,False,138.8618471375835,136.68614186932507,-2.17570526825844,False,263.055782850973,260.8800775827146,-2.1757052682584117,False,377.07913516156657,374.90342989330816,-2.1757052682584117,False,444.6802119700122,442.50450670175377,-2.1757052682584117,False
trial_003_ep1_task163,3,163,0.9,low,28,PPO high probability,5,27,False,1.517985249590816,1.517985249590816,0.0,0.0006399184702631233,-0.011458316075716263,0.0,0.0,0.0,False,138.8618471375835,138.8618471375835,0.0,False,263.055782850973,263.055782850973,0.0,False,377.07913516156657,377.07913516156657,0.0,False,444.6802119700122,444.6802119700122,0.0,False
trial_003_ep1_task166,3,166,0.999,high,7,PPO sampled,17,21,False,2.705519571496686,2.705519571496686,0.0,2.1372136714048473e-05,0.0709531912928066,105.54195147821798,105.54195147821798,0.0,False,233.68361169525414,233.68361169525414,0.0,False,331.06624259622873,331.06624259622873,0.0,False,467.9211747039724,467.9211747039724,0.0,False,525.0458812895055,525.0458812895055,0.0,False
trial_003_ep1_task166,3,166,0.999,high,7,PPO high probability,17,27,False,2.705519571496686,2.705519571496686,0.0,0.0003296607203840951,0.09868420750713554,105.54195147821798,105.54195147821798,0.0,False,233.68361169525414,233.68361169525414,0.0,False,331.06624259622873,331.06624259622873,0.0,False,467.9211747039724,467.9211747039724,0.0,False,525.0458812895055,525.0458812895055,0.0,False
trial_003_ep1_task168,3,168,0.999,high,28,PPO sampled,5,10,False,1.0513538110824174,1.6038252834634252,0.5524714723810078,8.59975911746691e-05,0.052351514069384986,0.0,0.0,0.0,False,230.63940868999003,210.32352065807973,-20.315888031910305,False,355.2091428920728,334.8932548601625,-20.315888031910333,False,481.45686074236215,461.1409727104519,-20.315888031910276,False,538.2219742186851,517.9060861867748,-20.315888031910276,False
trial_003_ep1_task168,3,168,0.999,high,28,PPO high probability,5,20,False,1.0513538110824174,1.0513538110824174,0.0,0.0001022833340371676,0.2065561703514038,0.0,0.0,0.0,False,230.63940868999003,230.63940868999003,0.0,False,355.2091428920728,355.2091428920728,0.0,False,481.45686074236215,481.45686074236215,0.0,False,538.2219742186851,538.2219742186851,0.0,False
trial_003_ep1_task171,3,171,0.999,medium,28,PPO sampled,5,3,False,0.9804058047651185,1.4399034008016853,0.4594975960365668,3.7149055670537834e-06,0.2137224810296439,92.65757642256379,71.50060376299076,-21.15697265957303,False,186.07531319196917,164.91834053239614,-21.15697265957303,False,320.9512000617004,299.7942274021274,-21.156972659573,False,473.785463641623,452.6284909820499,-21.156972659573057,False,514.5815346237915,493.42456196421847,-21.156972659573057,False
trial_003_ep1_task171,3,171,0.999,medium,28,PPO high probability,5,27,False,0.9804058047651185,0.9804058047651185,0.0,0.0002624830583287663,-0.011458316075716263,92.65757642256379,92.65757642256379,0.0,False,186.07531319196917,186.07531319196917,0.0,False,320.9512000617004,320.9512000617004,0.0,False,473.785463641623,473.785463641623,0.0,False,514.5815346237915,514.5815346237915,0.0,False
trial_003_ep1_task172,3,172,0.9999,medium,0,PPO sampled,26,26,True,2.759105229319804,2.759105229319804,0.0,0.0,0.0,0.0,0.0,0.0,False,103.79748529933931,103.79748529933931,0.0,False,275.2854346210655,275.2854346210655,0.0,False,432.76369896530247,432.76369896530247,0.0,False,468.8043980013641,468.8043980013641,0.0,False
trial_003_ep1_task172,3,172,0.9999,medium,0,PPO high probability,26,26,True,2.759105229319804,2.759105229319804,0.0,0.0,0.0,0.0,0.0,0.0,False,103.79748529933931,103.79748529933931,0.0,False,275.2854346210655,275.2854346210655,0.0,False,432.76369896530247,432.76369896530247,0.0,False,468.8043980013641,468.8043980013641,0.0,False
trial_003_ep1_task173,3,173,0.9,high,28,PPO sampled,5,11,False,1.0093077176162633,1.0093077176162633,0.0,3.688113763733458e-05,0.013642018364395186,90.96839250510045,90.96839250510045,0.0,False,210.95993869850923,210.95993869850923,0.0,False,327.01578072304073,327.01578072304073,0.0,False,489.80569877541797,489.80569877541797,0.0,False,520.8937755570711,520.8937755570711,0.0,False
trial_003_ep1_task173,3,173,0.9,high,28,PPO high probability,5,20,False,1.0093077176162633,1.0093077176162633,0.0,0.0001022833340371676,0.2065561703514038,90.96839250510045,90.96839250510045,0.0,False,210.95993869850923,210.95993869850923,0.0,False,327.01578072304073,327.01578072304073,0.0,False,489.80569877541797,489.80569877541797,0.0,False,520.8937755570711,520.8937755570711,0.0,False
trial_003_ep1_task174,3,174,0.9999,medium,0,PPO sampled,26,26,True,2.335414217550087,2.335414217550087,0.0,0.0,0.0,-11.148898916399025,-11.148898916399025,0.0,False,133.32394021489867,133.32394021489867,0.0,False,291.42583591949796,291.42583591949796,0.0,False,456.5925420170355,456.5925420170355,0.0,False,477.6948700577453,477.6948700577453,0.0,False
trial_003_ep1_task174,3,174,0.9999,medium,0,PPO high probability,26,26,True,2.335414217550087,2.335414217550087,0.0,0.0,0.0,-11.148898916399025,-11.148898916399025,0.0,False,133.32394021489867,133.32394021489867,0.0,False,291.42583591949796,291.42583591949796,0.0,False,456.5925420170355,456.5925420170355,0.0,False,477.6948700577453,477.6948700577453,0.0,False
trial_003_ep1_task175,3,175,0.9,medium,28,PPO sampled,5,11,False,2.215022430728186,2.215022430728186,0.0,0.00034689729687964466,0.013642018364395186,42.46438980388493,42.46438980388493,0.0,False,160.525376812553,160.525376812553,0.0,False,370.0475314990848,370.0475314990848,0.0,False,519.7127121482606,519.7127121482606,0.0,False,543.1597433046048,543.1597433046048,0.0,False
trial_003_ep1_task175,3,175,0.9,medium,28,PPO high probability,5,27,False,2.215022430728186,2.215022430728186,0.0,0.001861009866192198,-0.011458316075716263,42.46438980388493,42.46438980388493,0.0,False,160.525376812553,160.525376812553,0.0,False,370.0475314990848,370.0475314990848,0.0,False,519.7127121482606,519.7127121482606,0.0,False,543.1597433046048,543.1597433046048,0.0,False
trial_003_ep1_task176,3,176,0.99,high,28,PPO sampled,5,2,False,1.8936936892047767,2.3854092137548664,0.4917155245500897,-0.0010600227706373255,-0.08201120532710843,0.0,0.0,0.0,False,237.5764470166642,228.41349873788073,-9.16294827878346,False,401.6590603655933,392.49611208680983,-9.16294827878346,False,539.4388619947563,530.2759137159728,-9.16294827878346,False,565.4911188351386,556.3281705563552,-9.16294827878346,False
trial_003_ep1_task176,3,176,0.99,high,28,PPO high probability,5,27,False,1.8936936892047767,1.8936936892047767,0.0,0.0010995485411120498,-0.011458316075716263,0.0,0.0,0.0,False,237.5764470166642,225.88281139847743,-11.693635618186761,False,401.6590603655933,389.9654247474065,-11.693635618186818,False,539.4388619947563,527.7452263765695,-11.693635618186818,False,565.4911188351386,553.7974832169518,-11.693635618186818,False
trial_003_ep1_task179,3,179,0.99,medium,28,PPO sampled,5,20,False,2.5065184598949877,2.5065184598949877,0.0,0.0010715471061868431,0.2065561703514038,0.0,0.0,0.0,False,265.76070125016906,267.7469486436677,1.9862473934986156,False,400.31921782438667,402.3054652178853,1.9862473934986156,False,574.1983611781371,576.1846085716357,1.9862473934986156,False,581.2089461624407,583.1951935559393,1.9862473934986156,False
trial_003_ep1_task179,3,179,0.99,medium,28,PPO high probability,5,20,False,2.5065184598949877,2.5065184598949877,0.0,0.0010715471061868431,0.2065561703514038,0.0,0.0,0.0,False,265.76070125016906,267.7469486436677,1.9862473934986156,False,400.31921782438667,402.3054652178853,1.9862473934986156,False,574.1983611781371,576.1846085716357,1.9862473934986156,False,581.2089461624407,583.1951935559393,1.9862473934986156,False
trial_003_ep1_task182,3,182,0.9,low,28,PPO sampled,5,3,False,1.424530746596691,2.0446601998250604,0.6201294532283694,8.253476333264231e-06,0.2137224810296439,72.05544960630142,54.57397372838361,-17.48147587791781,False,264.2095207600646,246.7280448821468,-17.481475877917802,False,469.12472717579703,451.6432512978792,-17.48147587791783,False,572.4884425398022,555.0069666618845,-17.481475877917774,False,572.4884425398022,555.0069666618845,-17.481475877917774,False
trial_003_ep1_task182,3,182,0.9,low,28,PPO high probability,5,27,False,1.424530746596691,1.424530746596691,0.0,0.0005840001963025587,-0.011458316075716263,72.05544960630142,72.05544960630142,0.0,False,264.2095207600646,264.2095207600646,0.0,False,469.12472717579703,469.12472717579703,0.0,False,572.4884425398022,572.4884425398022,0.0,False,572.4884425398022,572.4884425398022,0.0,False
trial_003_ep1_task187,3,187,0.9999,low,17,PPO sampled,16,22,False,0.7320206353519283,0.8403282652553223,0.10830762990339404,5.0959413692597266e-05,-0.028346380210224564,110.41252071594019,101.85585480337657,-8.556665912563616,False,351.18811099830185,347.02570139330453,-4.162409604997322,False,494.4958352535639,490.3334256485666,-4.162409604997265,False,526.235470587804,522.0730609828067,-4.162409604997265,False,526.235470587804,522.0730609828067,-4.162409604997265,False
trial_003_ep1_task187,3,187,0.9999,low,17,PPO high probability,16,27,False,0.7320206353519283,0.7320206353519283,0.0,6.601482294810168e-05,-0.09315450416958007,110.41252071594019,110.41252071594019,0.0,False,351.18811099830185,355.58236730586816,4.394256307566309,False,494.4958352535639,498.89009156113025,4.394256307566366,False,526.235470587804,530.6297268953703,4.394256307566252,False,526.235470587804,530.6297268953703,4.394256307566252,False
trial_003_ep1_task188,3,188,0.99,high,28,PPO sampled,5,3,False,0.8399945248476021,1.1610974232301163,0.32110289838251427,3.2089575847660257e-06,0.2137224810296439,0.0,0.0,0.0,False,330.52373145067224,315.91521535832607,-14.608516092346179,False,446.25026147589057,431.6417453835444,-14.608516092346179,False,481.51652295837954,466.90800686603336,-14.608516092346179,False,481.51652295837954,466.90800686603336,-14.608516092346179,False
trial_003_ep1_task188,3,188,0.99,high,28,PPO high probability,5,27,False,0.8399945248476021,0.8399945248476021,0.0,0.00022668795732916358,-0.011458316075716263,0.0,0.0,0.0,False,330.52373145067224,330.52373145067224,0.0,False,446.25026147589057,446.25026147589057,0.0,False,481.51652295837954,481.51652295837954,0.0,False,481.51652295837954,481.51652295837954,0.0,False
trial_003_ep1_task189,3,189,0.9,high,28,PPO sampled,5,5,True,1.5765700109731928,1.5765700109731928,0.0,0.0,0.0,182.14740748519722,182.14740748519722,0.0,False,416.2940228344849,416.2940228344849,0.0,False,498.68051292153996,498.68051292153996,0.0,False,518.7866742955927,518.7866742955927,0.0,False,518.7866742955927,518.7866742955927,0.0,False
trial_003_ep1_task189,3,189,0.9,high,28,PPO high probability,5,27,False,1.5765700109731928,1.5765700109731928,0.0,0.000698296738516957,-0.011458316075716263,182.14740748519722,182.14740748519722,0.0,False,416.2940228344849,416.2940228344849,0.0,False,498.68051292153996,498.68051292153996,0.0,False,518.7866742955927,518.7866742955927,0.0,False,518.7866742955927,518.7866742955927,0.0,False
trial_003_ep1_task190,3,190,0.9999,high,4,PPO sampled,27,27,True,1.4249270081135854,1.4249270081135854,0.0,0.0,0.0,72.04104543132983,72.04104543132983,0.0,False,260.16290594365296,260.16290594365296,0.0,False,377.3584731389952,377.3584731389952,0.0,False,374.0436297893282,374.0436297893282,0.0,False,374.0436297893282,374.0436297893282,0.0,False
trial_003_ep1_task190,3,190,0.9999,high,4,PPO high probability,27,27,True,1.4249270081135854,1.4249270081135854,0.0,0.0,0.0,72.04104543132983,72.04104543132983,0.0,False,260.16290594365296,260.16290594365296,0.0,False,377.3584731389952,377.3584731389952,0.0,False,374.0436297893282,374.0436297893282,0.0,False,374.0436297893282,374.0436297893282,0.0,False
trial_003_ep1_task191,3,191,0.9999,low,3,PPO sampled,24,27,False,1.5192862229137134,1.5192862229137134,0.0,-1.1565290998216682e-06,0.05454315328875958,68.75861058905463,68.75861058905463,0.0,False,209.02428945813685,209.02428945813685,0.0,False,335.55842706444275,335.55842706444275,0.0,False,335.55842706444275,335.55842706444275,0.0,False,335.55842706444275,335.55842706444275,0.0,False
trial_003_ep1_task191,3,191,0.9999,low,3,PPO high probability,24,27,False,1.5192862229137134,1.5192862229137134,0.0,-1.1565290998216682e-06,0.05454315328875958,68.75861058905463,68.75861058905463,0.0,False,209.02428945813685,209.02428945813685,0.0,False,335.55842706444275,335.55842706444275,0.0,False,335.55842706444275,335.55842706444275,0.0,False,335.55842706444275,335.55842706444275,0.0,False
trial_003_ep1_task193,3,193,0.9,low,28,PPO sampled,5,13,False,0.7077975838486472,0.8737433471334176,0.1659457632847704,-1.619467894675708e-06,0.03431908471638101,112.54420856900981,99.49263356315997,-13.051575005849841,False,209.03546978005144,195.9838947742016,-13.051575005849855,False,268.75919326815284,255.70761826230296,-13.051575005849884,False,268.75919326815284,255.70761826230296,-13.051575005849884,False,268.75919326815284,255.70761826230296,-13.051575005849884,False
trial_003_ep1_task193,3,193,0.9,low,28,PPO high probability,5,27,False,0.7077975838486472,0.7077975838486472,0.0,0.0001093489682156834,-0.011458316075716263,112.54420856900981,112.54420856900981,0.0,False,209.03546978005144,209.03546978005144,0.0,False,268.75919326815284,268.75919326815284,0.0,False,268.75919326815284,268.75919326815284,0.0,False,268.75919326815284,268.75919326815284,0.0,False
trial_003_ep1_task194,3,194,0.9,low,28,PPO sampled,6,20,False,2.721463263875349,2.808433513880765,0.08697025000541592,-0.0005345608973693627,0.31933132796478514,0.0,0.0,0.0,False,152.8469879255842,139.5222443852648,-13.324743540319389,False,186.89694876158936,173.57220522126997,-13.324743540319389,False,186.89694876158936,173.57220522126997,-13.324743540319389,False,186.89694876158936,173.57220522126997,-13.324743540319389,False
trial_003_ep1_task194,3,194,0.9,low,28,PPO high probability,6,27,False,2.721463263875349,2.721463263875349,0.0,0.0007586109940935781,0.10131684153766508,0.0,0.0,0.0,False,152.8469879255842,140.5111163754063,-12.335871550177899,False,186.89694876158936,174.56107721141146,-12.335871550177899,False,186.89694876158936,174.56107721141146,-12.335871550177899,False,186.89694876158936,174.56107721141146,-12.335871550177899,False
trial_003_ep1_task199,3,199,0.9,low,28,PPO sampled,5,25,False,1.5982195626034277,1.5982195626034277,0.0,0.0005657884808619729,0.2117678970658153,66.22009775577459,66.22009775577459,0.0,False,57.663907663136,57.663907663136,0.0,False,57.663907663136,57.663907663136,0.0,False,57.663907663136,57.663907663136,0.0,False,57.663907663136,57.663907663136,0.0,False
trial_003_ep1_task199,3,199,0.9,low,28,PPO high probability,5,27,False,1.5982195626034277,1.5982195626034277,0.0,0.0006399184702631233,-0.011458316075716263,66.22009775577459,66.22009775577459,0.0,False,57.663907663136,57.663907663136,0.0,False,57.663907663136,57.663907663136,0.0,False,57.663907663136,57.663907663136,0.0,False,57.663907663136,57.663907663136,0.0,False
