episode,tasks,mean_reward,mean_latency,mean_safe_set_size,empty_safe_set_rate,feasibility_rate,conditional_rsr,overall_rsr,avoidable_violation_count,unavoidable_violation_count,mean_masked_entropy,pair_78_frequency,pair_selection_hhi,top1_pair_frequency,pair_selection_entropy
1,200,55.21241204231521,2.098262095284984,20.005,0.095,0.905,1.0,0.905,0,19,2.6064046633243563,0.205,0.0706,0.205,3.038133824378559
2,200,58.50663256605025,2.1617196460584776,20.77,0.03,0.97,1.0,0.97,0,6,2.702424755692482,0.155,0.05830000000000001,0.155,3.1000426152277036
3,200,61.45525435388332,2.0600709356341556,20.195,0.0,1.0,1.0,1.0,0,0,2.749567560851574,0.105,0.0523,0.11,3.129984511151869
4,200,62.11604213976747,2.0615786833554286,21.635,0.0,1.0,1.0,1.0,0,0,2.9105208304524424,0.075,0.05090000000000001,0.09,3.1240042853382444
5,200,61.24917483906769,2.085426258876221,22.87,0.0,1.0,1.0,1.0,0,0,3.032359756231308,0.05,0.042550000000000004,0.075,3.2341816238963106
6,200,62.30849630698457,2.05322190284666,23.0,0.0,1.0,1.0,1.0,0,0,3.022930387854576,0.055,0.04175,0.07,3.2503504554750173
7,200,61.131173947346504,2.048765552657647,22.585,0.0,1.0,1.0,1.0,0,0,3.0090106654167177,0.035,0.047250000000000014,0.095,3.1665336451438897
8,200,60.105312204647035,2.0707860676387098,23.0,0.0,1.0,1.0,1.0,0,0,3.01351813018322,0.065,0.045100000000000015,0.08,3.2036746136213146
9,200,61.22593954790186,1.993424939115103,19.64,0.035,0.965,1.0,0.965,0,7,2.693329809308052,0.065,0.052750000000000005,0.12,3.1123107730584225
10,200,55.51990132026423,2.167765578106157,20.17,0.09,0.91,1.0,0.91,0,18,2.6611641710996627,0.025,0.06190000000000001,0.18,3.0952125849199805
11,200,53.86349601361375,2.0354639528527905,19.145,0.14,0.86,1.0,0.86,0,28,2.542248064279556,0.21,0.0731,0.21,3.014124853969637
12,200,63.196028431450934,1.9693645609999175,18.63,0.0,1.0,1.0,1.0,0,0,2.617994199693203,0.09,0.06285,0.145,3.0259617059819464
13,200,58.38120546348673,2.174359600234827,20.24,0.055,0.945,1.0,0.945,0,11,2.7209255945682527,0.04,0.06005000000000002,0.155,3.0626647135187546
14,200,56.70099641779665,2.146987465227495,21.27,0.08,0.92,1.0,0.92,0,16,2.774654260575771,0.135,0.05100000000000002,0.135,3.16721863037244
15,200,57.89905572485662,2.0315261250422676,20.785,0.08,0.92,1.0,0.92,0,16,2.7081271904706954,0.055,0.052850000000000015,0.135,3.1392575320652023
16,200,59.78514746492564,2.057080105989239,20.195,0.03,0.97,1.0,0.97,0,6,2.67717552870512,0.155,0.06110000000000001,0.155,3.051381449777286
17,200,61.20860533983854,2.1007054605890167,22.77,0.0,1.0,1.0,1.0,0,0,3.0408287858963012,0.11,0.04920000000000001,0.11,3.1754391874861243
18,200,59.69985628156957,2.1274597220513245,23.775,0.0,1.0,1.0,1.0,0,0,3.126433423757553,0.025,0.042300000000000004,0.075,3.2416547892887038
19,200,62.332707257061664,2.036907090942559,23.2,0.0,1.0,1.0,1.0,0,0,3.0744129526615143,0.04,0.043100000000000006,0.075,3.2314658267434373
20,200,61.73352332587316,2.038559904497346,24.88,0.0,1.0,1.0,1.0,0,0,3.1729348105192186,0.025,0.04175000000000001,0.08,3.2493533889532236
21,200,53.95526095562323,2.1473099900675496,20.85,0.125,0.875,1.0,0.875,0,25,2.6728559559583664,0.05,0.061000000000000026,0.17,3.0866002364075404
22,200,60.99235738231602,2.1063190922890733,23.26,0.0,1.0,1.0,1.0,0,0,3.091754013299942,0.055,0.039900000000000005,0.055,3.270662015517515
23,200,61.48077001386026,2.0694377808625193,22.375,0.0,1.0,1.0,1.0,0,0,3.010885547995567,0.075,0.044250000000000005,0.075,3.2110097215068407
24,200,59.44548427027579,2.130297456185774,23.875,0.0,1.0,1.0,1.0,0,0,3.0788391607999803,0.04,0.04445000000000001,0.075,3.2120505739219167
25,200,61.581676115003596,2.0417051319943025,23.275,0.0,1.0,1.0,1.0,0,0,3.068455240726471,0.07,0.04655000000000001,0.08,3.175102640854153
26,200,51.189136461024084,2.122888446997726,17.925,0.17,0.83,1.0,0.83,0,34,2.361611297130585,0.025,0.10035000000000004,0.275,2.8684573893942207
27,200,62.94685725667501,2.0245031823285755,23.65,0.0,1.0,1.0,1.0,0,0,3.099255078434944,0.07,0.0466,0.085,3.1675298133916767
28,200,63.346329719247734,1.9854835034098883,23.1,0.0,1.0,1.0,1.0,0,0,3.0584624010324477,0.04,0.045700000000000005,0.08,3.193671798491359
29,200,62.1209921461181,2.0366085700805443,21.155,0.0,1.0,1.0,1.0,0,0,2.916223936676979,0.08,0.047050000000000015,0.08,3.177960518801196
30,200,61.70777582466593,2.0370745458592,21.71,0.0,1.0,1.0,1.0,0,0,2.865712939798832,0.08,0.04620000000000001,0.08,3.1877178522502674
31,200,62.377278989397404,2.015995022126732,20.485,0.0,1.0,1.0,1.0,0,0,2.7087918692827224,0.055,0.05575000000000001,0.145,3.108446043545623
32,200,54.58519203796,2.0888921525899,20.5,0.125,0.875,1.0,0.875,0,25,2.62878540456295,0.05,0.06705,0.2,3.0796783414069027
33,200,61.907298437792534,2.0413594003332487,20.685,0.0,1.0,1.0,1.0,0,0,2.883281811475754,0.075,0.050650000000000014,0.1,3.140041371196495
34,200,56.88262369722222,2.143682042952846,18.45,0.08,0.92,1.0,0.92,0,16,2.586469721198082,0.07,0.0656,0.18,3.038256940080164
35,200,51.210660308868555,2.080152114858308,18.365,0.17,0.83,1.0,0.83,0,34,2.4497697693109513,0.03,0.09480000000000001,0.26,2.886194411381054
36,200,60.27148052220393,2.1559268956962523,21.145,0.0,1.0,1.0,1.0,0,0,2.792404014468193,0.12,0.051550000000000006,0.12,3.1329170369820565
37,200,48.98338882941135,2.0781118016636277,16.95,0.195,0.805,1.0,0.805,0,39,2.34692503541708,0.055,0.08739999999999999,0.24,2.8837563106160093
38,200,56.57329413854015,2.0457614907469575,20.855,0.095,0.905,1.0,0.905,0,19,2.7166994321346283,0.045,0.05370000000000001,0.135,3.133740942620236
39,200,60.41930995586978,2.1153998264292637,23.185,0.0,1.0,1.0,1.0,0,0,3.0512247693538668,0.06,0.0453,0.065,3.178614172834526
40,200,56.921782229239874,2.07973598574104,19.355,0.09,0.91,1.0,0.91,0,18,2.5793500620126726,0.19,0.06640000000000001,0.19,3.057854970520409
41,200,61.59137932044893,2.072790108743506,23.53,0.0,1.0,1.0,1.0,0,0,3.0945432484149933,0.065,0.04420000000000001,0.07,3.212444578264976
42,200,55.5110494269743,2.042872038698062,18.655,0.125,0.875,1.0,0.875,0,25,2.485251138806343,0.04,0.0858,0.24,2.9492309146357853
43,200,62.42403732067739,2.0102507891401094,20.575,0.005,0.995,1.0,0.995,0,1,2.7478859415650367,0.125,0.05615000000000001,0.125,3.104763186533739
44,200,62.60119192126857,2.00111632912209,22.9,0.005,0.995,1.0,0.995,0,1,2.9406469470262526,0.06,0.04420000000000001,0.095,3.2269283979512386
45,200,62.34559010719713,2.0543323710981594,22.405,0.0,1.0,1.0,1.0,0,0,2.9633768033981323,0.08,0.05010000000000001,0.12,3.172145022283404
46,200,60.92309840727184,2.072503502600865,25.025,0.0,1.0,1.0,1.0,0,0,3.1911712074279786,0.07,0.041699999999999994,0.07,3.2431539503507327
47,200,62.22330530530698,2.0275126406174193,21.275,0.0,1.0,1.0,1.0,0,0,2.76418102145195,0.06,0.0585,0.15,3.0772289580741203
48,200,57.16332623916927,2.012689762327533,18.985,0.1,0.9,1.0,0.9,0,20,2.522403107881546,0.21,0.0746,0.21,3.0057456722005265
49,200,61.63075710056235,2.0760062454441206,24.68,0.0,1.0,1.0,1.0,0,0,3.1644525742530822,0.055,0.04055000000000002,0.055,3.2568551388841542
50,200,54.627716477563034,2.146124408737419,21.685,0.115,0.885,1.0,0.885,0,23,2.758428311944008,0.02,0.05950000000000001,0.165,3.112552087742705
51,200,55.632674821826015,2.181801657377913,19.92,0.08,0.92,1.0,0.92,0,16,2.602420658171177,0.19,0.07135,0.19,2.9841511215319665
52,200,61.566769148367904,2.08645440769087,23.67,0.0,1.0,1.0,1.0,0,0,3.0983883076906205,0.065,0.04295000000000001,0.075,3.2344766439261385
53,200,55.67042560597032,2.0449492754726166,19.255,0.115,0.885,1.0,0.885,0,23,2.555777575969696,0.07,0.07030000000000002,0.2,3.0299727845576587
54,200,63.47515477800071,1.9602538139813463,22.575,0.0,1.0,1.0,1.0,0,0,3.03171098947525,0.07,0.04840000000000001,0.105,3.172156490391933
55,200,62.72115295257797,2.022847511582529,21.995,0.0,1.0,1.0,1.0,0,0,2.9661071795225142,0.085,0.04620000000000001,0.085,3.1971681875103193
56,200,53.67290622119361,2.0158019763229293,15.535,0.15,0.85,1.0,0.85,0,30,2.1924713107943536,0.075,0.11305000000000001,0.295,2.8032300871879072
57,200,60.46223279276156,2.1570300848875212,24.085,0.0,1.0,1.0,1.0,0,0,3.10423858076334,0.075,0.04265,0.075,3.2396278011680852
58,200,62.084388664695126,2.036205386371378,21.345,0.005,0.995,1.0,0.995,0,1,2.8544929403066637,0.05,0.05265,0.12,3.1211386876450673
59,200,58.459225095956505,2.2857123984795518,20.98,0.005,0.995,1.0,0.995,0,1,2.774360853731632,0.165,0.05830000000000002,0.165,3.1139304789113256
60,200,57.30489266843102,2.053280901156581,17.86,0.09,0.91,1.0,0.91,0,18,2.421281685233116,0.055,0.09114999999999998,0.245,2.859689385927908
61,200,62.09080422204093,2.099367672155335,23.33,0.0,1.0,1.0,1.0,0,0,3.026416775882244,0.035,0.041550000000000004,0.06,3.2478898033395436
62,200,61.32961958789134,2.106679164510325,23.265,0.0,1.0,1.0,1.0,0,0,3.0651837611198425,0.065,0.04445,0.07,3.1892868332043776
63,200,62.369103434998706,2.063095496268746,22.905,0.0,1.0,1.0,1.0,0,0,3.0637325298786164,0.055,0.049100000000000005,0.11,3.1580915947388832
64,200,61.02358938725236,2.0761109614562065,24.57,0.0,1.0,1.0,1.0,0,0,3.1388686215877533,0.07,0.0432,0.08,3.226210455356628
65,200,60.59507319604886,2.127962983899013,24.33,0.0,1.0,1.0,1.0,0,0,3.1448304152488706,0.04,0.04315000000000001,0.08,3.226804775434555
66,200,62.13308955034211,2.0212965039763184,22.465,0.0,1.0,1.0,1.0,0,0,3.029880524277687,0.08,0.044800000000000006,0.08,3.205428111320156
67,200,54.144688739629544,1.98326121315212,18.595,0.145,0.855,1.0,0.855,0,29,2.50754005253315,0.035,0.06730000000000001,0.185,3.029959945942885
68,200,61.038467638404974,2.1290543290621793,21.3,0.0,1.0,1.0,1.0,0,0,2.8556688755750654,0.05,0.048000000000000015,0.085,3.1697843638746295
69,200,55.360701602538775,2.121376105892452,18.975,0.1,0.9,1.0,0.9,0,20,2.6035674867033958,0.065,0.05925000000000001,0.16,3.0870642616829023
70,200,62.347650464259004,2.0340748932185506,22.415,0.0,1.0,1.0,1.0,0,0,2.976285009384155,0.065,0.052400000000000016,0.095,3.120245397740799
71,200,61.913004256351286,2.057486342694497,23.175,0.0,1.0,1.0,1.0,0,0,3.0510278129577637,0.08,0.04945000000000001,0.08,3.1428949871105822
72,200,60.17200712169757,2.141414922281504,23.55,0.0,1.0,1.0,1.0,0,0,3.114171277284622,0.03,0.04650000000000001,0.08,3.1838537510341505
73,200,61.15367642849504,2.034569042772635,20.72,0.0,1.0,1.0,1.0,0,0,2.8057415291666983,0.1,0.050650000000000014,0.1,3.137001538035145
74,200,61.52504524588299,2.0507849222611223,21.75,0.005,0.995,1.0,0.995,0,1,2.9098751044273374,0.115,0.04775000000000001,0.115,3.181483581163654
75,200,62.805755064135525,2.0175648842625606,21.665,0.0,1.0,1.0,1.0,0,0,2.950588747859001,0.075,0.046300000000000015,0.08,3.1951044976850285
76,200,61.89400435742629,2.0372523228166046,19.68,0.0,1.0,1.0,1.0,0,0,2.7310723075270653,0.085,0.04735000000000002,0.09,3.182431079038505
77,200,63.13442252981444,1.9986132061580466,23.4,0.0,1.0,1.0,1.0,0,0,3.067064790725708,0.04,0.04530000000000001,0.08,3.1897880852943277
78,200,54.93478186253811,2.128550137732032,21.265,0.095,0.905,1.0,0.905,0,19,2.7295109498500825,0.025,0.05545000000000001,0.135,3.1192992581442085
79,200,61.594283063637384,2.046502497063382,18.45,0.005,0.995,1.0,0.995,0,1,2.6498061430454256,0.105,0.060399999999999995,0.105,3.017489376356718
80,200,61.47947485053091,2.0412986284882404,20.84,0.0,1.0,1.0,1.0,0,0,2.767007305026054,0.025,0.059100000000000014,0.14,3.059546784931464
81,200,62.75671068711164,2.0010519705792262,23.735,0.0,1.0,1.0,1.0,0,0,3.0976966148614884,0.05,0.04560000000000001,0.095,3.1975371780155526
82,200,57.205568173222126,2.0783488645290475,19.01,0.06,0.94,1.0,0.94,0,12,2.580970005095005,0.045,0.06155,0.16,3.043034698122503
83,200,61.423279629564384,2.063990788906063,22.57,0.0,1.0,1.0,1.0,0,0,2.938523177206516,0.095,0.048100000000000004,0.095,3.161287520496604
84,200,56.11326467322217,2.10708928926395,19.225,0.09,0.91,1.0,0.91,0,18,2.5391661164164545,0.015,0.07425,0.21,3.004933389602411
85,200,62.33741324770505,2.0309437220767648,18.93,0.005,0.995,1.0,0.995,0,1,2.594897474348545,0.04,0.059750000000000004,0.14,3.052300059614828
86,200,62.57796101192474,2.0491332611636985,21.11,0.0,1.0,1.0,1.0,0,0,2.9292613816261293,0.055,0.054549999999999994,0.1,3.0658210600424227
87,200,61.645439299184,2.065501820777408,23.775,0.0,1.0,1.0,1.0,0,0,3.0866185826063157,0.075,0.04535,0.08,3.186368511888835
88,200,62.04168366600234,2.031136642634788,21.095,0.0,1.0,1.0,1.0,0,0,2.9303752899169924,0.045,0.04995000000000001,0.085,3.1187522855894896
89,200,54.003378879675054,2.108394638373154,19.885,0.125,0.875,1.0,0.875,0,25,2.574837554693222,0.185,0.06620000000000001,0.185,3.052945110218617
90,200,61.573608797270154,2.1155118186166364,23.555,0.0,1.0,1.0,1.0,0,0,3.0692567336559295,0.04,0.04520000000000001,0.08,3.199626982427758
91,200,62.12580908259744,2.0594888457516443,24.33,0.0,1.0,1.0,1.0,0,0,3.1416552937030793,0.05,0.04390000000000001,0.065,3.2025299030827177
92,200,61.127171777177246,2.0488474864048736,23.5,0.0,1.0,1.0,1.0,0,0,3.085326135158539,0.05,0.04295,0.065,3.2146757523698226
93,200,52.88724985180572,2.025326394600523,17.855,0.165,0.835,1.0,0.835,0,33,2.377129660844803,0.035,0.07840000000000001,0.225,2.9948210818865393
94,200,61.02176340634049,2.118053371943874,23.875,0.0,1.0,1.0,1.0,0,0,3.105616416931152,0.06,0.04390000000000001,0.065,3.1954500329094198
95,200,63.09219774218267,2.0142732683580498,20.97,0.0,1.0,1.0,1.0,0,0,2.837362886667252,0.115,0.055150000000000005,0.115,3.0968861083367067
96,200,62.21303982221787,2.047828092108645,23.52,0.0,1.0,1.0,1.0,0,0,3.0721244794130325,0.06,0.044300000000000006,0.075,3.206484430700917
97,200,51.937453478131054,2.2052151271056095,19.15,0.15,0.85,1.0,0.85,0,30,2.4986837688088417,0.085,0.09135,0.25,2.89283473958431
98,200,63.02003157756024,2.0108059694431932,23.45,0.0,1.0,1.0,1.0,0,0,3.032536833882332,0.065,0.04435000000000001,0.07,3.206552287738929
99,200,62.92572554061248,2.000984848482083,21.745,0.0,1.0,1.0,1.0,0,0,2.8576571381092073,0.125,0.0514,0.125,3.1651337547593554
100,200,62.54113575262585,1.9932658325929165,22.79,0.005,0.995,1.0,0.995,0,1,2.9209529066085818,0.08,0.05015,0.105,3.144679388023072
101,200,62.96377411076446,1.99523042280965,24.58,0.0,1.0,1.0,1.0,0,0,3.157949568629265,0.055,0.04580000000000001,0.075,3.177410225471759
102,200,62.6000500504854,2.0498042862604575,24.405,0.0,1.0,1.0,1.0,0,0,3.1301762586832047,0.045,0.044950000000000004,0.065,3.1784946607967166
103,200,62.61201216862588,1.9785529752302642,22.01,0.0,1.0,1.0,1.0,0,0,2.9505361670255663,0.055,0.0458,0.08,3.181897979341814
104,200,62.78738459675005,1.991011981679381,22.095,0.0,1.0,1.0,1.0,0,0,2.935974999666214,0.095,0.04980000000000001,0.095,3.149685573224096
105,200,62.242616628732065,2.021774847605947,23.085,0.0,1.0,1.0,1.0,0,0,3.0731002163887022,0.075,0.049550000000000004,0.09,3.128259614026362
106,200,61.208715242670245,2.0813997168803255,19.89,0.005,0.995,1.0,0.995,0,1,2.625641649067402,0.065,0.07189999999999999,0.19,2.959321319811081
107,200,61.33124008831811,2.081687672874444,22.12,0.0,1.0,1.0,1.0,0,0,2.9430466324090956,0.1,0.04800000000000002,0.1,3.185205520734437
108,200,60.83702066672568,2.0248308429216344,21.47,0.02,0.98,1.0,0.98,0,4,2.845713204741478,0.075,0.05140000000000001,0.105,3.123022030280453
109,200,61.45546700281595,2.053169432289157,21.325,0.0,1.0,1.0,1.0,0,0,2.899352962374687,0.055,0.04470000000000001,0.095,3.2203270351948747
110,200,61.2791377937333,2.1266410237765445,23.855,0.0,1.0,1.0,1.0,0,0,3.0695443564653395,0.05,0.043850000000000014,0.075,3.218925207323021
111,200,61.2934985305032,2.0473645391043904,21.215,0.0,1.0,1.0,1.0,0,0,2.8271068796515464,0.125,0.05160000000000001,0.125,3.1491057070891344
112,200,61.60774064461185,2.094818451872756,24.02,0.0,1.0,1.0,1.0,0,0,3.087607654929161,0.085,0.048000000000000015,0.095,3.1590519897134555
113,200,61.0067488686083,2.098811137307992,24.265,0.0,1.0,1.0,1.0,0,0,3.1039472317695616,0.04,0.04435000000000001,0.08,3.204806740243039
114,200,61.24414938926076,2.108656652185968,21.8,0.0,1.0,1.0,1.0,0,0,2.943759621977806,0.055,0.049600000000000005,0.09,3.138575026530523
115,200,62.29471002250677,1.9996216424333724,19.61,0.0,1.0,1.0,1.0,0,0,2.7854589998722075,0.06,0.048500000000000015,0.1,3.1657089799123055
116,200,63.2807736062684,1.9881450723314458,21.725,0.0,1.0,1.0,1.0,0,0,2.870403960049152,0.12,0.05360000000000001,0.12,3.1091297856928914
117,200,60.78301049609699,2.079939451748944,24.205,0.0,1.0,1.0,1.0,0,0,3.0977607226371764,0.055,0.04325000000000002,0.075,3.2228141873056138
118,200,45.05925739541459,2.1840709054678116,15.98,0.255,0.745,1.0,0.745,0,51,2.1039868313074113,0.035,0.1315,0.33,2.7210392191079413
119,200,62.231323468480404,2.028210543138396,21.71,0.0,1.0,1.0,1.0,0,0,2.955569640994072,0.065,0.04620000000000001,0.08,3.1764174134536614
120,200,60.487540504429035,2.1224437483479686,23.445,0.0,1.0,1.0,1.0,0,0,3.080924996137619,0.04,0.04225000000000001,0.07,3.2417762595851407
121,200,61.308968481897324,2.092008408131625,18.66,0.005,0.995,1.0,0.995,0,1,2.6335320544242857,0.115,0.06505000000000001,0.135,2.972657966067237
122,200,62.26222869873645,2.023793097534899,21.735,0.0,1.0,1.0,1.0,0,0,2.9443003645539285,0.095,0.050900000000000015,0.095,3.1173774327789254
123,200,59.69809720767371,2.1091212451042494,21.645,0.02,0.98,1.0,0.98,0,4,2.8546400174498556,0.095,0.046750000000000014,0.095,3.184531582356563
124,200,62.33420569435976,2.013129986309462,21.275,0.0,1.0,1.0,1.0,0,0,2.8199397403001787,0.07,0.052650000000000016,0.11,3.1312177538545938
125,200,62.12854622925898,2.010643538737142,21.015,0.0,1.0,1.0,1.0,0,0,2.8660514745116235,0.03,0.05485000000000001,0.13,3.11310446761298
126,200,62.57152186192418,1.9840944783092533,18.96,0.0,1.0,1.0,1.0,0,0,2.7385930982232094,0.12,0.05480000000000001,0.12,3.0833684942779516
127,200,60.74547449949601,2.0637064764240503,19.925,0.02,0.98,1.0,0.98,0,4,2.732294501066208,0.1,0.055900000000000005,0.115,3.0727941334983773
128,200,62.66813350313111,2.0060782144475,23.92,0.0,1.0,1.0,1.0,0,0,3.12272764980793,0.045,0.047749999999999994,0.075,3.1191293793543386
129,200,62.25609590709897,2.0173244012418854,20.535,0.0,1.0,1.0,1.0,0,0,2.870582021176815,0.09,0.05330000000000001,0.1,3.0968513000742948
130,200,53.677710846176666,2.025486634266258,16.905,0.15,0.85,1.0,0.85,0,30,2.3150059503316878,0.035,0.09040000000000001,0.25,2.9099309930858417
131,200,61.94716318676879,2.0259961847711723,21.215,0.0,1.0,1.0,1.0,0,0,2.881388804912567,0.07,0.05035000000000002,0.115,3.139218118530298
132,200,62.3977559930678,2.013488116488078,24.425,0.0,1.0,1.0,1.0,0,0,3.1479678320884705,0.045,0.048850000000000005,0.09,3.1487738265137395
133,200,54.34910262082751,2.14049266827873,20.93,0.105,0.895,1.0,0.895,0,21,2.653528193235397,0.205,0.07039999999999999,0.205,3.0384341460224893
134,200,62.645615362236846,2.036765229577755,20.425,0.0,1.0,1.0,1.0,0,0,2.8804662507772445,0.035,0.051300000000000005,0.095,3.1174096222814662
135,200,61.99907245891098,2.052085039352545,22.025,0.0,1.0,1.0,1.0,0,0,2.9215024727582932,0.045,0.04885000000000002,0.095,3.1610958843437165
136,200,61.93930667728637,2.060243459552242,22.13,0.0,1.0,1.0,1.0,0,0,2.98948405623436,0.05,0.04665000000000001,0.09,3.181575871358866
137,200,61.30937385161535,2.0581085139373,20.405,0.0,1.0,1.0,1.0,0,0,2.7971065545082094,0.08,0.0538,0.11,3.108502027718614
138,200,63.35585285916968,1.9952668555311877,21.915,0.0,1.0,1.0,1.0,0,0,2.9201497197151185,0.105,0.05260000000000001,0.105,3.1105590989407537
139,200,62.50285983686881,2.008149398641428,22.255,0.0,1.0,1.0,1.0,0,0,2.971808047890663,0.075,0.04805000000000002,0.085,3.1667701918970983
140,200,62.39078091720765,2.030439463817056,23.33,0.0,1.0,1.0,1.0,0,0,3.064476355314255,0.075,0.04780000000000001,0.075,3.164250836377299
141,200,58.81628229657674,2.035557056299665,19.58,0.055,0.945,1.0,0.945,0,11,2.615279328227043,0.065,0.06939999999999999,0.19,2.97877709154832
142,200,58.4016174628306,2.070881592098354,20.12,0.08,0.92,1.0,0.92,0,16,2.6748542958498,0.05,0.06205000000000001,0.16,3.060084597870506
143,200,62.568719533591604,1.9874892822884176,20.825,0.02,0.98,1.0,0.98,0,4,2.7730008605122567,0.045,0.056749999999999995,0.145,3.087962318866579
144,200,61.61023406091141,2.0242765052923892,20.775,0.0,1.0,1.0,1.0,0,0,2.843593367934227,0.09,0.048650000000000006,0.09,3.1447359922931892
145,200,62.30344711070803,2.0219555337979496,17.07,0.0,1.0,1.0,1.0,0,0,2.5576402285695075,0.085,0.06975,0.135,2.8758849021769692
146,200,60.1975267831321,2.1675825730299203,20.9,0.0,1.0,1.0,1.0,0,0,2.8789976689219476,0.05,0.05160000000000001,0.105,3.123810368448213
147,200,59.50686634940406,2.1496406421959047,21.42,0.035,0.965,1.0,0.965,0,7,2.8050397762656214,0.04,0.046450000000000005,0.095,3.1810876166135373
148,200,60.15198076583349,1.9937613655785342,20.14,0.065,0.935,1.0,0.935,0,13,2.730852133333683,0.065,0.05645000000000002,0.14,3.0991429835271584
149,200,60.94952873214809,2.1168348680364866,23.92,0.0,1.0,1.0,1.0,0,0,3.062281984090805,0.07,0.0435,0.095,3.2384861901930466
150,200,61.57326363290749,2.034038016667507,20.945,0.01,0.99,1.0,0.99,0,2,2.734756948649883,0.165,0.062200000000000005,0.165,3.0415538911857882
151,200,62.57763701975449,2.013720564933082,21.96,0.0,1.0,1.0,1.0,0,0,2.928631594181061,0.065,0.04755000000000001,0.085,3.1602814133302655
152,200,62.16169427742709,2.0622497332134424,23.67,0.0,1.0,1.0,1.0,0,0,3.0824370443820954,0.035,0.05070000000000001,0.125,3.156684357423194
153,200,60.58009133496713,2.0983082943434868,19.74,0.005,0.995,1.0,0.995,0,1,2.5977841985225676,0.04,0.06460000000000002,0.18,3.0473420037620613
154,200,60.645414015746056,2.1175937363596504,23.19,0.0,1.0,1.0,1.0,0,0,3.0158418720960616,0.045,0.04760000000000001,0.095,3.1785131687008286
155,200,61.93039573664712,2.0525149958921443,22.015,0.005,0.995,1.0,0.995,0,1,2.9431856054067613,0.03,0.04380000000000001,0.075,3.217749662268714
156,200,58.48999725688429,1.9790003397292109,19.67,0.095,0.905,1.0,0.905,0,19,2.558640875220299,0.065,0.07465,0.215,3.006696602311523
157,200,62.82760741109279,2.01976956308007,20.675,0.0,1.0,1.0,1.0,0,0,2.8414202710986136,0.05,0.052399999999999995,0.11,3.1048240644560168
158,200,60.815088223473914,2.0099003442225603,20.96,0.035,0.965,1.0,0.965,0,7,2.745676802098751,0.065,0.07029999999999999,0.19,2.985798719642669
159,200,61.64695730436184,2.0458440106723383,22.505,0.005,0.995,1.0,0.995,0,1,2.8768614637851715,0.1,0.04890000000000001,0.1,3.1644915483820792
160,200,61.59893783367364,2.0930836983368444,19.355,0.005,0.995,1.0,0.995,0,1,2.6914148300886156,0.05,0.051650000000000015,0.12,3.139979776057099
161,200,60.968651801530186,2.0768241501023192,23.36,0.0,1.0,1.0,1.0,0,0,3.08829896569252,0.05,0.04275,0.065,3.226888461854841
162,200,63.040674798896134,1.9798721348081052,23.2,0.0,1.0,1.0,1.0,0,0,3.0305564218759535,0.045,0.04920000000000001,0.075,3.1308968327036166
163,200,60.80448406896824,2.0269473098560353,22.085,0.035,0.965,1.0,0.965,0,7,2.8086717328429223,0.095,0.05795000000000001,0.15,3.1011946263339603
164,200,61.937388001178135,2.0483503125811784,22.905,0.0,1.0,1.0,1.0,0,0,3.0636004614830017,0.05,0.04410000000000001,0.07,3.1909241622208833
165,200,61.43382026005709,2.089410925042649,21.43,0.0,1.0,1.0,1.0,0,0,2.8437973862886428,0.11,0.051350000000000014,0.11,3.1414900460399617
166,200,61.518714073727736,1.9621855641589507,19.5,0.03,0.97,1.0,0.97,0,6,2.6259125649929045,0.155,0.06095000000000002,0.155,3.0628276602400777
167,200,59.91055267427272,2.0410292757101627,21.85,0.055,0.945,1.0,0.945,0,11,2.7950784251093865,0.055,0.05535000000000001,0.145,3.118696539160127
168,200,59.62792057186829,2.0577918431413376,20.65,0.055,0.945,1.0,0.945,0,11,2.6474127900600433,0.2,0.06995000000000003,0.2,3.034002786784662
169,200,60.60194604288119,2.110110601820086,21.775,0.0,1.0,1.0,1.0,0,0,2.851996024847031,0.055,0.04855000000000001,0.095,3.153723944736926
170,200,63.347306694682395,1.9943793904702818,23.93,0.0,1.0,1.0,1.0,0,0,3.0865081977844238,0.045,0.047700000000000006,0.08,3.1589336873884806
171,200,61.3124606495233,2.0530299589703613,25.54,0.0,1.0,1.0,1.0,0,0,3.1976321613788605,0.075,0.04035,0.075,3.2645558354879043
172,200,55.50109171723009,2.093587238631227,16.82,0.105,0.895,1.0,0.895,0,21,2.396665892004967,0.065,0.08510000000000001,0.225,2.8846086891376075
173,200,56.03241040157379,2.0238103969541,20.345,0.105,0.895,1.0,0.895,0,21,2.615970528125763,0.185,0.0718,0.185,2.9349244407194215
174,200,61.93349316638908,2.041349836329832,23.265,0.0,1.0,1.0,1.0,0,0,3.0516169339418413,0.065,0.0442,0.08,3.2011546730394933
175,200,63.72950244261656,1.9290579572809394,20.365,0.0,1.0,1.0,1.0,0,0,2.8655286288261412,0.09,0.057749999999999996,0.115,3.0295956383176548
176,200,61.94737047637793,2.0275301690225427,21.855,0.0,1.0,1.0,1.0,0,0,2.934035097360611,0.08,0.050600000000000006,0.085,3.132545985497995
177,200,61.01702136826463,2.0749240860615448,23.04,0.0,1.0,1.0,1.0,0,0,3.019756392240524,0.05,0.044100000000000014,0.07,3.2116655783315684
178,200,61.72247291860886,2.0763841897801747,24.005,0.0,1.0,1.0,1.0,0,0,3.0536839723587037,0.075,0.045300000000000014,0.075,3.1850599406122955
179,200,48.73651601552141,2.2198245327707635,20.61,0.195,0.805,1.0,0.805,0,39,2.525427335500717,0.02,0.08485,0.24,2.941869217408445
180,200,62.81410965756816,2.0076352569317226,24.24,0.0,1.0,1.0,1.0,0,0,3.121347206830978,0.085,0.044400000000000016,0.085,3.2135653820701533
181,200,62.756334534001546,1.9980438966160097,22.395,0.0,1.0,1.0,1.0,0,0,2.985100652575493,0.04,0.04845000000000001,0.09,3.1311421459194695
182,200,61.10527284476071,2.052907600430375,22.935,0.0,1.0,1.0,1.0,0,0,2.9907974100112913,0.09,0.04940000000000001,0.09,3.146341980652683
183,200,62.57318314821188,2.0569068836552065,20.89,0.005,0.995,1.0,0.995,0,1,2.7592487969994544,0.065,0.057050000000000003,0.13,3.0552727569125024
184,200,62.35219860373088,2.0188656862531373,22.25,0.0,1.0,1.0,1.0,0,0,2.896174634695053,0.05,0.04590000000000001,0.08,3.1919125837731026
185,200,62.84878686238844,1.9750508581271171,22.455,0.01,0.99,1.0,0.99,0,2,2.914404684305191,0.07,0.04820000000000001,0.09,3.1531480951188477
186,200,61.23914919799574,2.092018358855278,22.355,0.0,1.0,1.0,1.0,0,0,2.957450725436211,0.07,0.04945,0.075,3.1375474011767666
187,200,62.06829242853681,2.0719768481803955,24.985,0.0,1.0,1.0,1.0,0,0,3.1713391411304475,0.045,0.04505,0.08,3.191887291726702
188,200,61.52476650967064,2.086708433575573,20.67,0.0,1.0,1.0,1.0,0,0,2.799500820040703,0.1,0.05155000000000001,0.1,3.1289218329737944
189,200,63.44837437943565,1.9829865657601333,21.265,0.0,1.0,1.0,1.0,0,0,2.873306396007538,0.07,0.05335000000000001,0.1,3.098543696360143
190,200,62.70568679197326,1.9984385637847242,22.145,0.0,1.0,1.0,1.0,0,0,2.892895185947418,0.08,0.04830000000000001,0.085,3.158115209103802
191,200,59.55587460470549,2.090228923300155,20.785,0.03,0.97,1.0,0.97,0,6,2.7347437244653703,0.13,0.056999999999999995,0.13,3.0712952531933433
192,200,62.12284051037968,2.040798468185695,20.29,0.0,1.0,1.0,1.0,0,0,2.6394945669174192,0.19,0.06865,0.19,3.024621614853171
193,200,62.01442375328218,2.0325006315908314,25.23,0.0,1.0,1.0,1.0,0,0,3.1542605113983155,0.07,0.043450000000000016,0.07,3.2151166866557994
194,200,61.31219648268824,2.0770786047921255,24.91,0.0,1.0,1.0,1.0,0,0,3.165204360485077,0.08,0.04575000000000001,0.08,3.1813390758713416
195,200,61.79886961102346,2.021475990420868,22.655,0.0,1.0,1.0,1.0,0,0,2.9421590787172316,0.09,0.04905000000000001,0.09,3.146032399328026
196,200,63.122269056539025,2.0049920097226606,23.695,0.0,1.0,1.0,1.0,0,0,3.0312010622024537,0.075,0.050350000000000006,0.105,3.1386102438321393
197,200,55.835460156825846,2.048045966102033,18.76,0.105,0.895,1.0,0.895,0,21,2.488477746844292,0.055,0.0754,0.185,2.912634535184116
198,200,56.78373540696528,2.0811864815404784,20.0,0.09,0.91,1.0,0.91,0,18,2.6867183724045756,0.045,0.06595000000000001,0.165,3.002223664055437
199,200,62.09247496231839,2.0205523592275636,20.68,0.0,1.0,1.0,1.0,0,0,2.8318062275648117,0.095,0.053250000000000006,0.12,3.1114208863264348
200,200,61.290039525535796,1.9798294062414008,20.68,0.035,0.965,1.0,0.965,0,7,2.7286712363362313,0.145,0.05845000000000001,0.145,3.0648884595321038
201,200,62.54401129778544,2.0291915345980254,20.755,0.005,0.995,1.0,0.995,0,1,2.7636034485697745,0.14,0.06670000000000001,0.14,2.980394827263229
202,200,62.56196449789572,2.058205461856204,24.51,0.0,1.0,1.0,1.0,0,0,3.126732686758041,0.065,0.04500000000000001,0.085,3.1929776990518257
203,200,51.30740553845141,2.1662831450475033,20.635,0.145,0.855,1.0,0.855,0,29,2.621829643845558,0.205,0.07465,0.205,2.972369417978224
204,200,62.689875973052516,2.026366623250998,26.235,0.0,1.0,1.0,1.0,0,0,3.2122920513153077,0.055,0.04455000000000002,0.07,3.20998029001452
205,200,61.78169254580429,2.0463619706682006,22.76,0.0,1.0,1.0,1.0,0,0,2.9587033966183665,0.065,0.04665000000000001,0.1,3.1906044279018766
206,200,61.945346168725266,2.0769881555218705,21.375,0.0,1.0,1.0,1.0,0,0,2.8202239400148392,0.07,0.05335000000000001,0.11,3.1065051793658034
207,200,59.89628134349343,1.9584713085041678,19.715,0.075,0.925,1.0,0.925,0,15,2.6467649328708647,0.09,0.06855,0.18,3.0038269129576847
208,200,62.81436659498851,2.022073989895962,18.415,0.0,1.0,1.0,1.0,0,0,2.543843125104904,0.105,0.0639,0.145,2.9769353587138188
209,200,59.07205504424659,2.074544942083976,21.65,0.055,0.945,1.0,0.945,0,11,2.7392725867033003,0.065,0.06105,0.16,3.0524763149034664
210,200,61.87373776932143,2.031308136175989,25.73,0.0,1.0,1.0,1.0,0,0,3.179599966406822,0.06,0.04455000000000001,0.075,3.2018937205415976
211,200,61.53563791244453,2.0761705996224866,22.29,0.0,1.0,1.0,1.0,0,0,2.9980624639987945,0.065,0.047150000000000004,0.08,3.1645305076508463
212,200,61.56420384763574,2.0482232988741047,19.875,0.0,1.0,1.0,1.0,0,0,2.7232260656356813,0.12,0.05785000000000001,0.12,3.054752804531581
213,200,58.8928068291923,1.9802374264264626,20.7,0.075,0.925,1.0,0.925,0,15,2.656875222325325,0.035,0.06684999999999999,0.175,3.0283148389583463
214,200,62.680872558647515,2.0223559619836453,21.645,0.0,1.0,1.0,1.0,0,0,2.8405683612823487,0.085,0.05165,0.085,3.09354236230468
215,200,59.3448826658582,2.047528972997452,21.42,0.06,0.94,1.0,0.94,0,12,2.749080039858818,0.17,0.06295000000000002,0.17,3.0629985750811164
216,200,61.82244165721757,2.043809592538458,22.18,0.0,1.0,1.0,1.0,0,0,2.901567324101925,0.095,0.056749999999999995,0.11,3.0498211086350557
217,200,62.212682546724345,2.0759173027243945,23.33,0.005,0.995,1.0,0.995,0,1,2.8962089258432386,0.05,0.05135000000000001,0.125,3.1330390331314164
218,200,56.67156374730135,2.077433806099903,19.48,0.095,0.905,1.0,0.905,0,19,2.5161607429385184,0.235,0.08445000000000001,0.235,2.951908227811046
219,200,62.81906747578292,2.014219287433952,21.52,0.0,1.0,1.0,1.0,0,0,2.9198367631435396,0.1,0.0541,0.1,3.0734194015033145
220,200,61.278652925829995,2.0999341937821536,20.025,0.0,1.0,1.0,1.0,0,0,2.671280257999897,0.08,0.0593,0.135,3.0488871189724147
221,200,61.05892695987896,2.09031834240063,25.215,0.0,1.0,1.0,1.0,0,0,3.155266977548599,0.075,0.047800000000000016,0.075,3.151234193651499
222,200,62.767943432018185,2.0140862431213145,22.18,0.0,1.0,1.0,1.0,0,0,2.961518486738205,0.09,0.05320000000000002,0.1,3.07420613549061
223,200,61.39653881242736,2.09920965517796,22.425,0.005,0.995,1.0,0.995,0,1,2.898408992886543,0.105,0.057550000000000004,0.105,3.0363276472661997
224,200,60.83306862697025,2.056947878970046,21.22,0.0,1.0,1.0,1.0,0,0,2.825656096935272,0.085,0.05445,0.1,3.049516827834534
225,200,63.83649250534856,1.964859541799803,21.7,0.0,1.0,1.0,1.0,0,0,2.883198459148407,0.125,0.0591,0.125,3.035616167302242
226,200,62.983715709323185,2.01745161594705,22.29,0.0,1.0,1.0,1.0,0,0,2.97562970161438,0.095,0.05095,0.095,3.099043412933181
227,200,58.60705581407124,2.0692186855160584,21.09,0.065,0.935,1.0,0.935,0,13,2.682529853880405,0.04,0.065,0.17,3.0266678048546694
228,200,50.81027104515251,2.0845173102298507,19.79,0.18,0.82,1.0,0.82,0,36,2.4636997270584104,0.275,0.10090000000000002,0.275,2.846684927155433
229,200,62.58550686118687,2.023144312066937,25.27,0.0,1.0,1.0,1.0,0,0,3.1344306552410126,0.06,0.048700000000000014,0.1,3.160275551777708
230,200,56.527384906085025,2.077977822188007,18.79,0.105,0.895,1.0,0.895,0,21,2.4895560157299044,0.065,0.08739999999999999,0.22,2.841237507885095
231,200,61.22281750710063,2.031232440603247,20.965,0.03,0.97,1.0,0.97,0,6,2.7299172934889793,0.105,0.05405000000000001,0.105,3.0956327405533632
232,200,52.17729062869021,1.9906402049886487,17.325,0.17,0.83,1.0,0.83,0,34,2.3088720309734345,0.085,0.1078,0.28,2.7812616309012053
233,200,51.38703606388421,2.093583669056724,18.48,0.17,0.83,1.0,0.83,0,34,2.358684291243553,0.27,0.10305,0.27,2.8016090253769357
234,200,63.2507370662014,1.9605352585755902,25.52,0.0,1.0,1.0,1.0,0,0,3.156688770055771,0.08,0.04884999999999999,0.08,3.121944498806883
235,200,63.42886444021379,1.9752652832933801,22.4,0.0,1.0,1.0,1.0,0,0,2.927483928203583,0.095,0.05355,0.095,3.068687033466413
236,200,63.186231735397925,2.01185048306541,21.175,0.0,1.0,1.0,1.0,0,0,2.7907673993706705,0.13,0.05520000000000001,0.13,3.096396775984825
237,200,60.79249274334263,2.0323072578156096,19.1,0.035,0.965,1.0,0.965,0,7,2.5444510981440542,0.105,0.06195000000000001,0.145,3.0454277589957437
238,200,62.65791053068272,1.9859713229174145,25.95,0.0,1.0,1.0,1.0,0,0,3.163891625404358,0.075,0.04895,0.085,3.1132999418232865
239,200,55.26560297598829,2.03372178225036,19.905,0.125,0.875,1.0,0.875,0,25,2.519885135293007,0.055,0.07314999999999999,0.205,2.989075672605232
240,200,62.93913685426558,1.9768344419816912,22.15,0.0,1.0,1.0,1.0,0,0,2.90309540450573,0.08,0.05185000000000001,0.1,3.096751078065757
241,200,63.01513051730258,2.0007038603667455,19.07,0.0,1.0,1.0,1.0,0,0,2.652933112680912,0.12,0.06385,0.13,2.9683934635672293
242,200,63.708828515116664,1.9540889913094208,22.155,0.0,1.0,1.0,1.0,0,0,2.8703109467029573,0.065,0.05570000000000001,0.125,3.0955291246181993
243,200,57.80395372533665,1.997467692810077,21.4,0.095,0.905,1.0,0.905,0,19,2.7109341290593147,0.14,0.061450000000000005,0.14,3.0260919282871583
244,200,61.59556203005457,2.0232874987503213,24.01,0.0,1.0,1.0,1.0,0,0,3.0562397122383116,0.06,0.046400000000000004,0.08,3.1638505854843393
245,200,58.4089858328563,2.010174035445962,21.365,0.08,0.92,1.0,0.92,0,16,2.706782460808754,0.16,0.06280000000000001,0.16,3.0246452768734087
246,200,62.171449233030565,2.130889126952194,19.05,0.0,1.0,1.0,1.0,0,0,2.65442546248436,0.13,0.0661,0.13,2.954106610623956
247,200,62.471908654725574,2.0233752460821934,20.2,0.0,1.0,1.0,1.0,0,0,2.7576898550987243,0.13,0.06275,0.13,2.978153465335495
248,200,63.37478490211795,1.995891434239087,23.88,0.0,1.0,1.0,1.0,0,0,3.0516761362552645,0.05,0.050249999999999996,0.085,3.1277889511763455
249,200,61.64506263996687,2.0473236845610385,22.2,0.0,1.0,1.0,1.0,0,0,2.9241985082626343,0.115,0.0594,0.115,3.0224437788937313
250,200,62.12061678466409,2.007632279940687,20.435,0.0,1.0,1.0,1.0,0,0,2.758426904976368,0.095,0.061,0.12,3.013122224966066
251,200,61.778831942847916,2.0499998688707706,22.635,0.0,1.0,1.0,1.0,0,0,2.991110242009163,0.085,0.05420000000000001,0.105,3.095146416027264
252,200,61.38114784860789,2.070047402638073,21.305,0.0,1.0,1.0,1.0,0,0,2.7926555854082107,0.12,0.0562,0.12,3.0597190495676387
253,200,61.88562771346951,2.0985451727549163,21.68,0.0,1.0,1.0,1.0,0,0,2.8435137724876403,0.09,0.0582,0.105,3.0288953592284416
254,200,61.93320317439284,2.0689561772897593,23.435,0.0,1.0,1.0,1.0,0,0,3.0140366369485854,0.08,0.04760000000000001,0.08,3.1646509361911597
255,200,62.31338062762614,1.98133918915234,19.735,0.03,0.97,1.0,0.97,0,6,2.6001386761665346,0.08,0.06770000000000001,0.165,2.9506427989817725
256,200,62.163247026390536,2.0205130512329155,24.615,0.0,1.0,1.0,1.0,0,0,3.0858155035972596,0.045,0.04815,0.07,3.117969377318042
257,200,63.23507548723679,1.9807373782167348,24.775,0.0,1.0,1.0,1.0,0,0,3.1002405297756197,0.07,0.045850000000000016,0.07,3.1854547680041896
258,200,63.25210765586567,1.9890826256065117,20.915,0.0,1.0,1.0,1.0,0,0,2.843354896903038,0.115,0.06625,0.115,2.925703576710426
259,200,62.7741547729274,1.9797961257025873,21.45,0.0,1.0,1.0,1.0,0,0,2.7873997804522515,0.1,0.061149999999999996,0.13,2.9988547397631224
260,200,62.15091960130367,2.0029492465629666,24.305,0.0,1.0,1.0,1.0,0,0,3.0522083550691606,0.095,0.05255000000000001,0.095,3.1120648075823056
261,200,62.6172989673294,2.018212883457796,23.155,0.0,1.0,1.0,1.0,0,0,3.0073365139961243,0.06,0.05010000000000001,0.08,3.1212743610896
262,200,60.606074118918166,1.938259146720269,17.94,0.06,0.94,1.0,0.94,0,12,2.481306361556053,0.105,0.08335000000000001,0.2,2.7929820954663014
263,200,53.04690333394319,2.168896074926752,20.79,0.14,0.86,1.0,0.86,0,28,2.60440513253212,0.06,0.0814,0.22,2.9194542256220117
264,200,63.85233165379146,1.9538037065279135,22.235,0.0,1.0,1.0,1.0,0,0,2.894099212884903,0.05,0.054549999999999994,0.105,3.055718379467977
265,200,63.246927833127444,1.984508948368558,23.16,0.0,1.0,1.0,1.0,0,0,2.968403465747833,0.065,0.052850000000000015,0.11,3.1200846530700184
266,200,53.57008478502071,2.2353981446587707,20.59,0.15,0.85,1.0,0.85,0,30,2.5360597175359727,0.06,0.07565,0.205,2.9702819098110864
267,200,64.58740226659646,1.9354200226503246,24.61,0.0,1.0,1.0,1.0,0,0,3.090359396934509,0.095,0.05635,0.095,3.030995696567354
268,200,60.50252006870875,1.9842183744304192,22.955,0.055,0.945,1.0,0.945,0,11,2.843523097038269,0.11,0.05840000000000001,0.11,3.0110944213445947
269,200,63.40818565827558,1.967419922330662,18.205,0.0,1.0,1.0,1.0,0,0,2.5448377764225008,0.155,0.07540000000000001,0.155,2.8391867706669887
270,200,61.550547248089316,2.0739535440084094,22.865,0.0,1.0,1.0,1.0,0,0,2.9179486882686616,0.07,0.055799999999999995,0.09,3.035940949981644
271,200,61.64019059823541,2.0152518880114383,19.77,0.0,1.0,1.0,1.0,0,0,2.685836641192436,0.125,0.06820000000000001,0.125,2.958696993195227
272,200,62.89553186596945,2.006822398624343,22.78,0.0,1.0,1.0,1.0,0,0,2.869286640882492,0.11,0.0535,0.11,3.089461959782789
273,200,56.54881244718269,2.124811773971943,22.455,0.09,0.91,1.0,0.91,0,18,2.7891391891241075,0.17,0.06450000000000002,0.17,3.0354552417493808
274,200,61.66308721915193,2.070488823061739,21.97,0.0,1.0,1.0,1.0,0,0,2.9357137471437453,0.09,0.05235000000000001,0.09,3.0866078301981412
275,200,62.928972620848164,2.02697385065064,23.685,0.0,1.0,1.0,1.0,0,0,3.012872245311737,0.075,0.05074999999999999,0.085,3.1026525386712955
276,200,61.31677365843513,2.066165060520328,22.655,0.0,1.0,1.0,1.0,0,0,2.9840885281562803,0.105,0.054799999999999995,0.105,3.0391733642316803
277,200,62.79172147571804,2.0221513212189897,23.86,0.0,1.0,1.0,1.0,0,0,3.0481183880567553,0.06,0.04979999999999999,0.105,3.126646606323762
278,200,62.04376108876031,2.061865457978537,23.85,0.0,1.0,1.0,1.0,0,0,3.021349068880081,0.065,0.0518,0.09,3.094839605937262
279,200,61.42588557860071,2.0717190523430573,21.96,0.005,0.995,1.0,0.995,0,1,2.840973305106163,0.065,0.0568,0.125,3.0619275825072245
280,200,63.06939725307124,2.0057498887870646,21.595,0.0,1.0,1.0,1.0,0,0,2.833079596757889,0.06,0.0557,0.1,3.0742624404552608
281,200,61.89804485998465,2.043507495368317,22.265,0.0,1.0,1.0,1.0,0,0,2.941764170527458,0.085,0.05685,0.09,3.0249348534580145
282,200,62.63336069435425,2.0429710343036964,24.305,0.0,1.0,1.0,1.0,0,0,3.0811891275644303,0.07,0.04915000000000001,0.085,3.1418027887061495
283,200,61.92738397371912,1.9656438883882759,19.285,0.035,0.965,1.0,0.965,0,7,2.585098702609539,0.11,0.06914999999999999,0.16,2.9507991241632388
284,200,61.78077537957866,2.063388027432583,23.75,0.0,1.0,1.0,1.0,0,0,2.977445548772812,0.115,0.054900000000000004,0.115,3.077304285252249
285,200,62.72557737391129,1.9937691263773911,22.805,0.0,1.0,1.0,1.0,0,0,2.955968340039253,0.065,0.052,0.12,3.1260798199964057
286,200,62.88752135384393,1.991953705616342,21.795,0.0,1.0,1.0,1.0,0,0,2.916415138840675,0.095,0.05285,0.095,3.051993377807036
287,200,64.72111506910659,1.9235569833709543,20.775,0.0,1.0,1.0,1.0,0,0,2.7400878012180327,0.15,0.07385,0.15,2.8594442335117924
288,200,63.49313641933568,2.011499336811215,22.79,0.0,1.0,1.0,1.0,0,0,2.9507407933473586,0.105,0.0619,0.105,2.985166583288437
289,200,64.03408257312283,1.9624442036091623,25.105,0.0,1.0,1.0,1.0,0,0,3.120539753437042,0.04,0.048850000000000005,0.08,3.14377543575715
290,200,56.52424022801825,2.058104841189502,20.825,0.09,0.91,1.0,0.91,0,18,2.6541073614358903,0.195,0.07245000000000001,0.195,2.9508161163647566
291,200,61.916486644197036,2.038404590412368,26.27,0.0,1.0,1.0,1.0,0,0,3.178757518529892,0.09,0.049000000000000016,0.09,3.1501373367774117
292,200,61.568172121219085,2.0610215430860834,24.16,0.0,1.0,1.0,1.0,0,0,3.0684032714366913,0.05,0.049999999999999996,0.095,3.1073084550860774
293,200,62.147710442794995,2.0290456305001077,21.34,0.0,1.0,1.0,1.0,0,0,2.818098260164261,0.095,0.06019999999999999,0.115,3.016417426400842
294,200,62.96052663096394,1.9954220676499372,23.85,0.0,1.0,1.0,1.0,0,0,3.037818858027458,0.08,0.050800000000000005,0.08,3.098116043908183
295,200,62.742543117040405,2.0120064912283246,23.35,0.0,1.0,1.0,1.0,0,0,2.9849449014663696,0.08,0.05310000000000001,0.095,3.0807554191022044
296,200,61.35592747110664,2.0734862845274216,24.74,0.0,1.0,1.0,1.0,0,0,3.0848297774791718,0.07,0.049450000000000015,0.075,3.130997697856602
297,200,63.20590048477661,1.99516322752912,24.475,0.0,1.0,1.0,1.0,0,0,3.095768607854843,0.07,0.05405,0.105,3.065276746083938
298,200,62.369338116162105,2.0613485135495484,22.035,0.0,1.0,1.0,1.0,0,0,2.810684551894665,0.09,0.056600000000000004,0.125,3.074081698312519
299,200,57.81222643547172,2.0285075866518527,19.315,0.09,0.91,1.0,0.91,0,18,2.5413023966550825,0.115,0.0766,0.19,2.9209099538128585
300,200,63.16642313023857,1.9712323667802474,21.81,0.0,1.0,1.0,1.0,0,0,2.9143789118528365,0.12,0.05565000000000001,0.12,3.0617635751599837
