trial_id,policy,task_order_quartile,tasks,mean_estimated_latency,mean_realized_latency,mean_realized_minus_estimated,mean_decision_backlog_selected,mean_next_arrival_backlog_delta,mean_prior_endpoint_reuses
0,Masked PPO stochastic,1,1000,1.8121319770564406,1.8517511555944541,0.03961917853801339,0.2814258174498129,0.35316961287644466,15.876
0,Masked PPO stochastic,2,1000,1.8791100521732655,1.9437059577848579,0.06459590561159234,0.3331273699578538,0.40143392249375415,50.564
0,Masked PPO stochastic,3,1000,2.2343344237830047,2.2977285968548484,0.06339417307184413,0.4995235410810764,0.5007112749146446,86.145
0,Masked PPO stochastic,4,1000,1.947834813276763,1.992506898685485,0.0446720854087222,0.3468651154182137,0.4001035794976816,119.727
1,Masked PPO stochastic,1,1000,1.8071910763437318,1.8418967933662451,0.034705717022513086,0.28505254119281603,0.44076290252986644,14.62
1,Masked PPO stochastic,2,1000,1.87912064679267,1.9178827094457989,0.038762062653128954,0.2886743290759679,0.40205246123081634,46.681
1,Masked PPO stochastic,3,1000,2.1776461353364374,2.2262513680432905,0.04860523270685272,0.39276437930442537,0.5246943586853808,77.981
1,Masked PPO stochastic,4,1000,1.9461803336603385,1.9928560518027312,0.04667571814239301,0.32771909305534846,0.46689921906864196,108.32
2,Masked PPO stochastic,1,1000,1.8122726239169182,1.850059442726037,0.03778681880911899,0.263945631065313,0.47345597355766106,14.26
2,Masked PPO stochastic,2,1000,1.8599402730919852,1.9072191152634974,0.04727884217151208,0.27671818920443814,0.3959927878090988,45.313
2,Masked PPO stochastic,3,1000,2.2031485729904796,2.2593049699130234,0.05615639692254339,0.4238524908838231,0.5374958972698987,77.818
2,Masked PPO stochastic,4,1000,1.944603711502721,2.0015913352612102,0.056987623758489106,0.3389280501262765,0.4318043479361717,107.699
3,Masked PPO stochastic,1,1000,1.8151955255365646,1.8468802234866182,0.031684697950053596,0.27451635018262593,0.4112924665892496,14.099
3,Masked PPO stochastic,2,1000,1.9018103359352976,1.9473753413325494,0.04556500539725187,0.298031894197334,0.3854786040266482,44.372
3,Masked PPO stochastic,3,1000,2.2112825807978624,2.283072370681002,0.07178978988313975,0.4397162461784943,0.5576737422297329,75.615
3,Masked PPO stochastic,4,1000,1.988715746463514,2.0195896682609717,0.030873921797457904,0.34589612495045247,0.44540214808226575,104.615
4,Masked PPO stochastic,1,1000,1.8204567745056734,1.8474777742722632,0.0270209997665899,0.23696628249940466,0.41244286639217537,15.052
4,Masked PPO stochastic,2,1000,1.878592367325424,1.9296638067633547,0.051071439437930605,0.2878481704719394,0.401096884712361,46.821
4,Masked PPO stochastic,3,1000,2.234392044897759,2.301486119492707,0.06709407459494836,0.48170258349405093,0.5436458918188223,80.464
4,Masked PPO stochastic,4,1000,1.9365930540719503,1.9960135353071606,0.05942048123521047,0.3047045524419373,0.39817761006725233,112.386
5,Masked PPO stochastic,1,1000,1.8219544162045869,1.8473541276093592,0.02539971140477254,0.2890761394064868,0.431179468661427,14.49
5,Masked PPO stochastic,2,1000,1.8584117073913813,1.907724587902917,0.0493128805115355,0.28788892643830516,0.3929347421563704,44.744
5,Masked PPO stochastic,3,1000,2.1914260772237895,2.251172481323518,0.05974640409972915,0.3849126123828053,0.5217978065040864,77.397
5,Masked PPO stochastic,4,1000,1.9511436320987197,1.9957215375121131,0.044577905413393494,0.30482884044745145,0.4256443343481227,107.139
6,Masked PPO stochastic,1,1000,1.8325999313791141,1.867708702945166,0.035108771566051564,0.25958837189597744,0.4556037161865727,13.683
6,Masked PPO stochastic,2,1000,1.8882651049107944,1.9175386768116653,0.02927357190087071,0.25704311491120063,0.40748986583134894,42.713
6,Masked PPO stochastic,3,1000,2.224515539469857,2.2673246079715046,0.04280906850164736,0.42989180857924475,0.5491547194051605,74.053
6,Masked PPO stochastic,4,1000,1.972430238470642,2.021711270297654,0.04928103182701194,0.29775952135351735,0.4453684163384215,100.329
7,Masked PPO stochastic,1,1000,1.8108874563682293,1.849070030586522,0.03818257421829284,0.25227112956139125,0.38111157614171376,14.292
7,Masked PPO stochastic,2,1000,1.862560961161626,1.9048993621585264,0.04233840099690059,0.2714032148291423,0.40537132789610336,44.852
7,Masked PPO stochastic,3,1000,2.2013939075596873,2.246597849485651,0.045203941925964206,0.4200464924508096,0.4741527634738231,78.175
7,Masked PPO stochastic,4,1000,1.9610454930628554,2.0080811809439005,0.04703568788104532,0.32096057333142153,0.46013658467168567,108.693
8,Masked PPO stochastic,1,1000,1.8100877889769356,1.8491034184367194,0.03901562945978365,0.23750515301291514,0.43714419245751307,14.538
8,Masked PPO stochastic,2,1000,1.8670024619921728,1.8965802834733558,0.029577821481183094,0.2826388284821932,0.4078625756469165,46.158
8,Masked PPO stochastic,3,1000,2.215795862983854,2.2866230553173765,0.07082719233352247,0.45308701872416896,0.5508424653019381,78.856
8,Masked PPO stochastic,4,1000,1.9546617324582767,1.9930346139120643,0.03837288145378743,0.3042648636644659,0.44578741463869903,110.004
9,Masked PPO stochastic,1,1000,1.821065192302112,1.8719568828227848,0.050891690520672925,0.2546890144265633,0.43710499180187906,13.913
9,Masked PPO stochastic,2,1000,1.8821702421181972,1.922684506672324,0.0405142645541266,0.25930783058470785,0.39631966001673447,43.866
9,Masked PPO stochastic,3,1000,2.228014904082577,2.2738945004648454,0.04587959638226776,0.4076868849786074,0.55066212747953,74.676
9,Masked PPO stochastic,4,1000,1.9568576325051426,1.9951482696505913,0.03829063714544866,0.2878953822581859,0.47225881553664817,103.703
0,Safe Min-Latency,1,1000,1.626660648458966,1.6943097159696372,0.06764906751067117,0.15035788840518596,0.4052393259690497,18.291
0,Safe Min-Latency,2,1000,1.7057351139951415,1.7803050136418201,0.07456989964667855,0.20124313003958286,0.44437615874141173,57.277
0,Safe Min-Latency,3,1000,1.9989543761800947,2.077129122375193,0.07817474619509852,0.27230187038743237,0.574259648616505,95.045
0,Safe Min-Latency,4,1000,1.7766671921362094,1.8562223726820697,0.07955518054586025,0.2448883844600967,0.45341063635939005,135.093
1,Safe Min-Latency,1,1000,1.6228885540491729,1.7024048995403316,0.07951634549115882,0.16428032824784145,0.4607907216478238,18.144
1,Safe Min-Latency,2,1000,1.6851650405870184,1.7613581437486707,0.07619310316165231,0.1701268117155372,0.4368406555539357,56.663
1,Safe Min-Latency,3,1000,1.9759557292011045,2.0699314021759427,0.09397567297483869,0.2616330452592095,0.5591176078954104,93.268
1,Safe Min-Latency,4,1000,1.7663820302140807,1.839365461780602,0.0729834315665211,0.2181552308747747,0.4913583525122525,131.42
2,Safe Min-Latency,1,1000,1.6233938866136777,1.6913408982415434,0.06794701162786561,0.16196096098817703,0.4888912953223521,17.754
2,Safe Min-Latency,2,1000,1.6929523063343608,1.766042945335149,0.07309063900078792,0.17344796899668627,0.42805837546075265,56.278
2,Safe Min-Latency,3,1000,2.002450254407433,2.0843829687476783,0.08193271434024606,0.2908044645947423,0.5512745765300421,94.57
2,Safe Min-Latency,4,1000,1.7710214456295916,1.8456332429021016,0.07461179727251002,0.20488023803287544,0.4518745886506985,132.836
3,Safe Min-Latency,1,1000,1.624347046560554,1.692615019559269,0.06826797299871512,0.16155440992531278,0.43038081411711604,18.255
3,Safe Min-Latency,2,1000,1.6857895598433232,1.7572538320635442,0.07146427222022086,0.1742093063743079,0.4205071906839333,56.683
3,Safe Min-Latency,3,1000,1.977088982832504,2.09476833464831,0.11767935181580612,0.27440209616535244,0.5600309349006884,92.896
3,Safe Min-Latency,4,1000,1.7706040181172737,1.8524688627991217,0.08186484468184806,0.24107125722169062,0.4642841143295154,132.413
4,Safe Min-Latency,1,1000,1.6193931868416453,1.6853086237411934,0.06591543689954796,0.17265176014812966,0.4412632645423001,18.413
4,Safe Min-Latency,2,1000,1.6966714058683414,1.7707776018259138,0.0741061959575722,0.1924691480347284,0.42060553153079866,55.856
4,Safe Min-Latency,3,1000,1.9713629643965045,2.081577612833562,0.11021464843705751,0.28056610468788096,0.6102342358453569,91.216
4,Safe Min-Latency,4,1000,1.7546185409036612,1.8536562824719067,0.09903774156824545,0.18561504235108106,0.44742434713727114,129.791
5,Safe Min-Latency,1,1000,1.6259187162135382,1.678563129577001,0.05264441336346271,0.16153892351270122,0.4327920852635362,18.242
5,Safe Min-Latency,2,1000,1.694278204822368,1.769963759519081,0.07568555469671287,0.18060490465725892,0.4062036724765677,57.429
5,Safe Min-Latency,3,1000,1.975787638003573,2.0729983521891375,0.09721071418556491,0.28394464040281286,0.5449175462126434,96.154
5,Safe Min-Latency,4,1000,1.755280169851979,1.833826048993586,0.07854587914160713,0.17240688891432246,0.4396424910194218,134.161
6,Safe Min-Latency,1,1000,1.6238378340615351,1.693492493406699,0.06965465934516381,0.1789264551367752,0.4601260777916858,18.066
6,Safe Min-Latency,2,1000,1.690701203033218,1.7497096570670492,0.05900845403383119,0.19190235677084125,0.41380632391092853,56.179
6,Safe Min-Latency,3,1000,1.971301796939146,2.0567458225188675,0.08544402557972114,0.26708400226371193,0.5730931588715146,93.568
6,Safe Min-Latency,4,1000,1.7558835644704043,1.8412281295463433,0.08534456507593903,0.18825643531956063,0.43500573659216535,132.153
7,Safe Min-Latency,1,1000,1.6188468616304892,1.7049746269580806,0.08612776532759144,0.15652471471559537,0.43249105108104563,17.976
7,Safe Min-Latency,2,1000,1.682853277108257,1.7590438489003104,0.07619057179205337,0.17551102844180583,0.44303817113693833,55.731
7,Safe Min-Latency,3,1000,1.9724606862778564,2.061658231057853,0.08919754477999631,0.22919606547117502,0.5357992578896115,91.513
7,Safe Min-Latency,4,1000,1.7721525732062557,1.878878138378286,0.10672556517203015,0.23743519818231557,0.49098240050207087,129.793
8,Safe Min-Latency,1,1000,1.6207621601563826,1.6883297997551698,0.06756763959878714,0.16999091707117486,0.4321572819522131,18.601
8,Safe Min-Latency,2,1000,1.6888184833496818,1.7499274730276162,0.061108989677934294,0.19141695887535728,0.4244699577087051,57.227
8,Safe Min-Latency,3,1000,1.9974791377845418,2.0984442207002156,0.10096508291567412,0.3006507089125472,0.5709088772903778,94.487
8,Safe Min-Latency,4,1000,1.7744993444189,1.8552739775213682,0.08077463310246848,0.2447432136197375,0.48146871544511993,132.967
9,Safe Min-Latency,1,1000,1.6174373540464506,1.6917055845749183,0.07426823052846743,0.14428723579297592,0.45563350662868674,17.881
9,Safe Min-Latency,2,1000,1.6891857067313065,1.7680476878323832,0.07886198110107655,0.1771278034593139,0.4143215871758827,56.693
9,Safe Min-Latency,3,1000,1.9762411951470311,2.0746048432247797,0.09836364807774893,0.2549484515074757,0.5811873615353383,92.063
9,Safe Min-Latency,4,1000,1.7502471334388598,1.8208527475377023,0.07060561409884233,0.16150735317323248,0.492787939652578,130.509
