Trial_ID,Torch_Init_Seed,Train_Action_Seed,Train_Arrival_Seed,Train_Spatial_Seed,PPO_Minibatch_Seed,Eval_Arrival_Seed,Eval_Spatial_Seed
0,3943535286,4135956355,2771798559,1319650318,1667818003,2423506597,3960158338
1,2218427184,391746049,2111723216,4100872708,1086487992,4043962209,2612271498
2,3305516831,1280262144,1371824368,2839701880,670832229,2017672492,2957188839
3,1192739334,4235503580,3968220588,4232791932,3676356497,2546089818,3735038650
4,505114092,95520675,8150809,883848863,2351170419,1497692198,1055097318
5,1707589374,152708713,1504335179,3281253211,1312113740,2751659313,3468984453
6,3174027296,238249313,2897305872,2542459732,2610243770,1043718295,1794308211
7,2533770461,827260491,2748321498,2244402405,3972047515,3140262569,2503817415
8,1327927588,3590579795,2296599192,720261216,4092474524,2002949442,3766312230
9,1638014571,3031775690,2458745699,2887005890,1720455781,2514310370,439308977
