episode,task_id,state_id,split,dataset_index,max_backlog,load,requirement,safe_set_bin,safe_set_size,effective_set_size,action_index,selected_action,myopic_action,probability,q_h5,q_h10,q_h20,q_h50,legacy_q_h5,legacy_q_h10,legacy_q_h20,legacy_q_h50
60,1,ep060_task001,test,11800,0.0,low,0.99,16-28,28,28,0,10,5,0.008819740265607834,299.76147936227727,330.76292871966194,339.9043426631158,340.36351523973207,332.230475865144,476.56411676975125,635.9396920416684,713.0435382570345
60,1,ep060_task001,test,11800,0.0,low,0.99,16-28,28,28,1,10,5,0.009224295616149902,294.3210128143949,325.3224621717796,334.4638761152334,334.9230486918497,327.33405597204984,471.6676968766571,631.0432721485743,708.1471183639403
60,1,ep060_task001,test,11800,0.0,low,0.99,16-28,28,28,2,10,5,0.013307584449648857,312.39673317664,343.39818253402467,352.5395964774785,352.99876905409474,343.60220429807043,487.9358452026777,647.3114204745949,724.4152666899611
60,1,ep060_task001,test,11800,0.0,low,0.99,16-28,28,28,3,10,5,0.011946271173655987,289.37861471785834,320.380064075243,329.5214780186968,329.98065059531314,322.8858976851669,467.2195385897742,626.5951138616914,703.6989600770576
60,1,ep060_task001,test,11800,0.0,low,0.99,16-28,28,28,4,10,5,0.015284745953977108,311.0692693302607,342.07071868764535,351.21213263109917,351.6713052077154,342.40748683632904,486.7411277409363,646.1167030128535,723.2205492282196
60,1,ep060_task001,test,11800,0.0,low,0.99,16-28,28,28,5,10,5,0.02107071503996849,323.86757863047046,354.86902798785513,364.01044193130895,364.4696145079252,364.99657450542435,509.3302154100316,668.7057906819488,745.8096368973149
60,1,ep060_task001,test,11800,0.0,low,0.99,16-28,28,28,6,10,5,0.017948832362890244,309.81025080039643,340.8117001577811,349.953114101235,350.4122866778512,341.2743701594512,485.6080110640585,644.9835863359757,722.0874325513419
60,1,ep060_task001,test,11800,0.0,low,0.99,16-28,28,28,7,10,5,0.013798289932310581,299.76147936227727,330.76292871966194,339.9043426631158,340.36351523973207,332.230475865144,476.56411676975125,635.9396920416684,713.0435382570345
60,1,ep060_task001,test,11800,0.0,low,0.99,16-28,28,28,8,10,5,0.025107216089963913,312.39673317664,343.39818253402467,352.5395964774785,352.99876905409474,343.60220429807043,487.9358452026777,647.3114204745949,724.4152666899611
60,1,ep060_task001,test,11800,0.0,low,0.99,16-28,28,28,9,10,5,0.016073886305093765,299.76147936227727,330.76292871966194,339.9043426631158,340.36351523973207,332.230475865144,476.56411676975125,635.9396920416684,713.0435382570345
60,1,ep060_task001,test,11800,0.0,low,0.99,16-28,28,28,10,10,5,0.02687707170844078,311.0692693302607,342.07071868764535,351.21213263109917,351.6713052077154,342.40748683632904,486.7411277409363,646.1167030128535,723.2205492282196
60,1,ep060_task001,test,11800,0.0,low,0.99,16-28,28,28,11,10,5,0.03516850993037224,323.86757863047046,354.86902798785513,364.01044193130895,364.4696145079252,364.99657450542435,509.3302154100316,668.7057906819488,745.8096368973149
60,1,ep060_task001,test,11800,0.0,low,0.99,16-28,28,28,12,10,5,0.031026581302285194,309.81025080039643,340.8117001577811,349.953114101235,350.4122866778512,341.2743701594512,485.6080110640585,644.9835863359757,722.0874325513419
60,1,ep060_task001,test,11800,0.0,low,0.99,16-28,28,28,13,10,5,0.02442224510014057,312.39673317664,343.39818253402467,352.5395964774785,352.99876905409474,343.60220429807043,487.9358452026777,647.3114204745949,724.4152666899611
60,1,ep060_task001,test,11800,0.0,low,0.99,16-28,28,28,14,10,5,0.01864354871213436,294.3210128143949,325.3224621717796,334.4638761152334,334.9230486918497,327.33405597204984,471.6676968766571,631.0432721485743,708.1471183639403
60,1,ep060_task001,test,11800,0.0,low,0.99,16-28,28,28,15,10,5,0.0267647635191679,311.0692693302607,342.07071868764535,351.21213263109917,351.6713052077154,342.40748683632904,486.7411277409363,646.1167030128535,723.2205492282196
60,1,ep060_task001,test,11800,0.0,low,0.99,16-28,28,28,16,10,5,0.037738148123025894,323.86757863047046,354.86902798785513,364.01044193130895,364.4696145079252,364.99657450542435,509.3302154100316,668.7057906819488,745.8096368973149
60,1,ep060_task001,test,11800,0.0,low,0.99,16-28,28,28,17,10,5,0.03122454695403576,309.81025080039643,340.8117001577811,349.953114101235,350.4122866778512,341.2743701594512,485.6080110640585,644.9835863359757,722.0874325513419
60,1,ep060_task001,test,11800,0.0,low,0.99,16-28,28,28,18,10,5,0.031890273094177246,312.39673317664,343.39818253402467,352.5395964774785,352.99876905409474,343.60220429807043,487.9358452026777,647.3114204745949,724.4152666899611
60,1,ep060_task001,test,11800,0.0,low,0.99,16-28,28,28,19,10,5,0.05174010619521141,312.39673317664,343.39818253402467,352.5395964774785,352.99876905409474,343.60220429807043,487.9358452026777,647.3114204745949,724.4152666899611
60,1,ep060_task001,test,11800,0.0,low,0.99,16-28,28,28,20,10,5,0.07362302392721176,323.86757863047046,354.86902798785513,364.01044193130895,364.4696145079252,364.99657450542435,509.3302154100316,668.7057906819488,745.8096368973149
60,1,ep060_task001,test,11800,0.0,low,0.99,16-28,28,28,21,10,5,0.05704217031598091,312.39673317664,343.39818253402467,352.5395964774785,352.99876905409474,343.60220429807043,487.9358452026777,647.3114204745949,724.4152666899611
60,1,ep060_task001,test,11800,0.0,low,0.99,16-28,28,28,22,10,5,0.04023901745676994,311.0692693302607,342.07071868764535,351.21213263109917,351.6713052077154,342.40748683632904,486.7411277409363,646.1167030128535,723.2205492282196
60,1,ep060_task001,test,11800,0.0,low,0.99,16-28,28,28,23,10,5,0.055042117834091187,323.86757863047046,354.86902798785513,364.01044193130895,364.4696145079252,364.99657450542435,509.3302154100316,668.7057906819488,745.8096368973149
60,1,ep060_task001,test,11800,0.0,low,0.99,16-28,28,28,24,10,5,0.04557676985859871,309.81025080039643,340.8117001577811,349.953114101235,350.4122866778512,341.2743701594512,485.6080110640585,644.9835863359757,722.0874325513419
60,1,ep060_task001,test,11800,0.0,low,0.99,16-28,28,28,25,10,5,0.08753500133752823,323.86757863047046,354.86902798785513,364.01044193130895,364.4696145079252,364.99657450542435,509.3302154100316,668.7057906819488,745.8096368973149
60,1,ep060_task001,test,11800,0.0,low,0.99,16-28,28,28,26,10,5,0.08042433112859726,311.0692693302607,342.07071868764535,351.21213263109917,351.6713052077154,342.40748683632904,486.7411277409363,646.1167030128535,723.2205492282196
60,1,ep060_task001,test,11800,0.0,low,0.99,16-28,28,28,27,10,5,0.09244013577699661,323.86757863047046,354.86902798785513,364.01044193130895,364.4696145079252,364.99657450542435,509.3302154100316,668.7057906819488,745.8096368973149
60,13,ep060_task013,test,11812,0.9043153658931984,medium,0.999,16-28,26,26,1,18,4,0.009872490540146828,274.9354156192427,301.95990719670067,317.9385064927144,320.55129660443595,461.3205962848573,570.4563646048174,688.2514009951275,770.7937978232421
60,13,ep060_task013,test,11812,0.9043153658931984,medium,0.999,16-28,26,26,3,18,4,0.012732699513435364,278.01876485028095,305.0432564277389,321.02185572375265,323.6346458354742,464.40394551589554,573.5397138358557,691.3347502261657,773.8771470542804
60,13,ep060_task013,test,11812,0.9043153658931984,medium,0.999,16-28,26,26,4,18,4,0.016240330412983894,292.01156928576023,319.0360608632182,335.0146601592319,337.6274502709535,478.3967499513749,587.532518271335,705.3275546616451,787.8699514897597
60,13,ep060_task013,test,11812,0.9043153658931984,medium,0.999,16-28,26,26,5,18,4,0.020935002714395523,273.2890853518953,300.3135769293533,316.29217622536703,318.9049663370886,459.6742660175099,568.81003433747,686.6050707277801,769.1474675558948
60,13,ep060_task013,test,11812,0.9043153658931984,medium,0.999,16-28,26,26,6,18,4,0.01786494255065918,273.09421879472256,300.11871037218054,316.09730966819427,318.7100997799159,459.47939946033716,568.6151677802973,686.4102041706074,768.952600998722
60,13,ep060_task013,test,11812,0.9043153658931984,medium,0.999,16-28,26,26,7,18,4,0.014688897877931595,274.9354156192427,301.95990719670067,317.9385064927144,320.55129660443595,461.3205962848573,570.4563646048174,688.2514009951275,770.7937978232421
60,13,ep060_task013,test,11812,0.9043153658931984,medium,0.999,16-28,26,26,8,18,4,0.02655685693025589,286.83347399815386,313.85796557561184,329.83656487162557,332.4493549833472,473.21865466376846,582.3544229837286,700.1494593740387,782.6918562021533
60,13,ep060_task013,test,11812,0.9043153658931984,medium,0.999,16-28,26,26,9,18,4,0.017035309225320816,278.01876485028095,305.0432564277389,321.02185572375265,323.6346458354742,464.40394551589554,573.5397138358557,691.3347502261657,773.8771470542804
60,13,ep060_task013,test,11812,0.9043153658931984,medium,0.999,16-28,26,26,10,18,4,0.028445806354284286,292.01156928576023,319.0360608632182,335.0146601592319,337.6274502709535,478.3967499513749,587.532518271335,705.3275546616451,787.8699514897597
60,13,ep060_task013,test,11812,0.9043153658931984,medium,0.999,16-28,26,26,11,18,4,0.034964803606271744,274.7781975276264,301.80268910508437,317.7812884010981,320.3940785128197,461.163378193241,570.2991465132011,688.0941829035112,770.6365797316258
60,13,ep060_task013,test,11812,0.9043153658931984,medium,0.999,16-28,26,26,12,18,4,0.03071642480790615,274.7781975276264,301.80268910508437,317.7812884010981,320.3940785128197,461.163378193241,570.2991465132011,688.0941829035112,770.6365797316258
60,13,ep060_task013,test,11812,0.9043153658931984,medium,0.999,16-28,26,26,13,18,4,0.025879565626382828,286.83347399815386,313.85796557561184,329.83656487162557,332.4493549833472,473.21865466376846,582.3544229837286,700.1494593740387,782.6918562021533
60,13,ep060_task013,test,11812,0.9043153658931984,medium,0.999,16-28,26,26,14,18,4,0.019750142470002174,278.01876485028095,305.0432564277389,321.02185572375265,323.6346458354742,464.40394551589554,573.5397138358557,691.3347502261657,773.8771470542804
60,13,ep060_task013,test,11812,0.9043153658931984,medium,0.999,16-28,26,26,15,18,4,0.028304103761911392,292.01156928576023,319.0360608632182,335.0146601592319,337.6274502709535,478.3967499513749,587.532518271335,705.3275546616451,787.8699514897597
60,13,ep060_task013,test,11812,0.9043153658931984,medium,0.999,16-28,26,26,16,18,4,0.03751136735081673,274.9354156192427,301.95990719670067,317.9385064927144,320.55129660443595,461.3205962848573,570.4563646048174,688.2514009951275,770.7937978232421
60,13,ep060_task013,test,11812,0.9043153658931984,medium,0.999,16-28,26,26,17,18,4,0.03088761307299137,274.9354156192427,301.95990719670067,317.9385064927144,320.55129660443595,461.3205962848573,570.4563646048174,688.2514009951275,770.7937978232421
60,13,ep060_task013,test,11812,0.9043153658931984,medium,0.999,16-28,26,26,18,18,4,0.03389411047101021,286.83347399815386,313.85796557561184,329.83656487162557,332.4493549833472,473.21865466376846,582.3544229837286,700.1494593740387,782.6918562021533
60,13,ep060_task013,test,11812,0.9043153658931984,medium,0.999,16-28,26,26,19,18,4,0.05506148561835289,292.01156928576023,319.0360608632182,335.0146601592319,337.6274502709535,478.3967499513749,587.532518271335,705.3275546616451,787.8699514897597
60,13,ep060_task013,test,11812,0.9043153658931984,medium,0.999,16-28,26,26,20,18,4,0.07442750036716461,286.83347399815386,313.85796557561184,329.83656487162557,332.4493549833472,473.21865466376846,582.3544229837286,700.1494593740387,782.6918562021533
60,13,ep060_task013,test,11812,0.9043153658931984,medium,0.999,16-28,26,26,21,18,4,0.056709855794906616,286.83347399815386,313.85796557561184,329.83656487162557,332.4493549833472,473.21865466376846,582.3544229837286,700.1494593740387,782.6918562021533
60,13,ep060_task013,test,11812,0.9043153658931984,medium,0.999,16-28,26,26,22,18,4,0.04270724952220917,292.01156928576023,319.0360608632182,335.0146601592319,337.6274502709535,478.3967499513749,587.532518271335,705.3275546616451,787.8699514897597
60,13,ep060_task013,test,11812,0.9043153658931984,medium,0.999,16-28,26,26,23,18,4,0.05514739081263542,278.01876485028095,305.0432564277389,321.02185572375265,323.6346458354742,464.40394551589554,573.5397138358557,691.3347502261657,773.8771470542804
60,13,ep060_task013,test,11812,0.9043153658931984,medium,0.999,16-28,26,26,24,18,4,0.045018166303634644,278.01876485028095,305.0432564277389,321.02185572375265,323.6346458354742,464.40394551589554,573.5397138358557,691.3347502261657,773.8771470542804
60,13,ep060_task013,test,11812,0.9043153658931984,medium,0.999,16-28,26,26,25,18,4,0.08903525769710541,292.01156928576023,319.0360608632182,335.0146601592319,337.6274502709535,478.3967499513749,587.532518271335,705.3275546616451,787.8699514897597
60,13,ep060_task013,test,11812,0.9043153658931984,medium,0.999,16-28,26,26,26,18,4,0.08089958876371384,292.01156928576023,319.0360608632182,335.0146601592319,337.6274502709535,478.3967499513749,587.532518271335,705.3275546616451,787.8699514897597
60,13,ep060_task013,test,11812,0.9043153658931984,medium,0.999,16-28,26,26,27,18,4,0.09471306949853897,273.2890853518953,300.3135769293533,316.29217622536703,318.9049663370886,459.6742660175099,568.81003433747,686.6050707277801,769.1474675558948
60,26,ep060_task026,test,11825,0.0,low,0.9999,6-15,13,13,14,24,16,0.028241757303476334,187.06855029743744,273.7589017066267,317.889028852007,319.1327734472777,186.65369286876336,291.0314008865169,487.98495991454973,555.3986301029184
60,26,ep060_task026,test,11825,0.0,low,0.9999,6-15,13,13,15,24,16,0.039838314056396484,201.35873259118904,288.0490840003783,332.17921114575864,333.42295574102934,200.94387516251496,305.32158318026853,502.27514220830136,569.6888123966701
60,26,ep060_task026,test,11825,0.0,low,0.9999,6-15,13,13,16,24,16,0.05614705756306648,209.29674309467396,295.9870945038632,340.11722164924356,341.36096624451426,208.88188566599987,313.25959368375345,510.21315271178634,577.626822900155
60,26,ep060_task026,test,11825,0.0,low,0.9999,6-15,13,13,17,24,16,0.04610763490200043,203.2812215474923,289.97157295668154,334.1017001020619,335.3454446973326,202.8663641188182,307.2440721365718,504.1976311646046,571.6113013529733
60,26,ep060_task026,test,11825,0.0,low,0.9999,6-15,13,13,18,24,16,0.04799019172787666,198.5143472950737,285.20469870426297,329.33482584964327,330.57857044491396,198.0994898663996,302.47719788415316,499.43075691218604,566.8444271005548
60,26,ep060_task026,test,11825,0.0,low,0.9999,6-15,13,13,20,24,16,0.10681110620498657,209.29674309467396,295.9870945038632,340.11722164924356,341.36096624451426,208.88188566599987,313.25959368375345,510.21315271178634,577.626822900155
60,26,ep060_task026,test,11825,0.0,low,0.9999,6-15,13,13,21,24,16,0.0836021825671196,203.2812215474923,289.97157295668154,334.1017001020619,335.3454446973326,202.8663641188182,307.2440721365718,504.1976311646046,571.6113013529733
60,26,ep060_task026,test,11825,0.0,low,0.9999,6-15,13,13,22,24,16,0.05982902646064758,201.35873259118904,288.0490840003783,332.17921114575864,333.42295574102934,200.94387516251496,305.32158318026853,502.27514220830136,569.6888123966701
60,26,ep060_task026,test,11825,0.0,low,0.9999,6-15,13,13,23,24,16,0.08231229335069656,209.29674309467396,295.9870945038632,340.11722164924356,341.36096624451426,208.88188566599987,313.25959368375345,510.21315271178634,577.626822900155
60,26,ep060_task026,test,11825,0.0,low,0.9999,6-15,13,13,24,24,16,0.06715962290763855,203.2812215474923,289.97157295668154,334.1017001020619,335.3454446973326,202.8663641188182,307.2440721365718,504.1976311646046,571.6113013529733
60,26,ep060_task026,test,11825,0.0,low,0.9999,6-15,13,13,25,24,16,0.1286495178937912,209.29674309467396,295.9870945038632,340.11722164924356,341.36096624451426,208.88188566599987,313.25959368375345,510.21315271178634,577.626822900155
60,26,ep060_task026,test,11825,0.0,low,0.9999,6-15,13,13,26,24,16,0.11726263165473938,203.2812215474923,289.97157295668154,334.1017001020619,335.3454446973326,202.8663641188182,307.2440721365718,504.1976311646046,571.6113013529733
60,26,ep060_task026,test,11825,0.0,low,0.9999,6-15,13,13,27,24,16,0.1360485851764679,209.29674309467396,295.9870945038632,340.11722164924356,341.36096624451426,208.88188566599987,313.25959368375345,510.21315271178634,577.626822900155
60,38,ep060_task038,test,11837,0.0,low,0.99,16-28,28,28,0,15,5,0.008769957348704338,271.55569915589354,364.0204523397652,389.56015179945064,392.7774838111582,238.47073494675806,385.75398829578046,541.3180120800658,613.8752441450162
60,38,ep060_task038,test,11837,0.0,low,0.99,16-28,28,28,1,15,5,0.009159996174275875,270.6959901226171,363.16074330648877,388.7004427661742,391.9177747778818,237.77437062980408,385.0576239788265,540.6216477631118,613.1788798280621
60,38,ep060_task038,test,11837,0.0,low,0.99,16-28,28,28,2,15,5,0.013214568607509136,282.9096820097583,375.37443519362995,400.9141346533154,404.13146666502297,254.21501472790618,401.4982680769286,557.0622918612139,629.6195239261642
60,38,ep060_task038,test,11837,0.0,low,0.99,16-28,28,28,3,15,5,0.011857936158776283,271.90312600746387,364.36787919133553,389.907578651021,393.12491066272855,238.75215069653,386.0354040455524,541.5994278298377,614.156659894788
60,38,ep060_task038,test,11837,0.0,low,0.99,16-28,28,28,4,15,5,0.015204248018562794,286.53936426688085,379.0041174507525,404.54381691043795,407.76114892214554,257.48172875931647,404.76498210833887,560.3290058926242,632.8862379575745
60,38,ep060_task038,test,11837,0.0,low,0.99,16-28,28,28,5,15,5,0.02099272422492504,294.49599366426776,386.9607468481394,412.50044630782486,415.71777831953244,273.0763860152131,420.3596393642355,575.9236631485209,648.4808952134712
60,38,ep060_task038,test,11837,0.0,low,0.99,16-28,28,28,6,15,5,0.017916273325681686,289.086393662532,381.55114684640364,407.090846306089,410.3081783177966,259.7740552154025,407.0573085644249,562.6213323487102,635.1785644136605
60,38,ep060_task038,test,11837,0.0,low,0.99,16-28,28,28,7,15,5,0.013683073222637177,271.55569915589354,364.0204523397652,389.56015179945064,392.7774838111582,238.47073494675806,385.75398829578046,541.3180120800658,613.8752441450162
60,38,ep060_task038,test,11837,0.0,low,0.99,16-28,28,28,8,15,5,0.024933740496635437,282.9096820097583,375.37443519362995,400.9141346533154,404.13146666502297,254.21501472790618,401.4982680769286,557.0622918612139,629.6195239261642
60,38,ep060_task038,test,11837,0.0,low,0.99,16-28,28,28,9,15,5,0.01594654843211174,271.90312600746387,364.36787919133553,389.907578651021,393.12491066272855,238.75215069653,386.0354040455524,541.5994278298377,614.156659894788
60,38,ep060_task038,test,11837,0.0,low,0.99,16-28,28,28,10,15,5,0.02676229551434517,286.53936426688085,379.0041174507525,404.54381691043795,407.76114892214554,257.48172875931647,404.76498210833887,560.3290058926242,632.8862379575745
60,38,ep060_task038,test,11837,0.0,low,0.99,16-28,28,28,11,15,5,0.03510776907205582,294.49599366426776,386.9607468481394,412.50044630782486,415.71777831953244,273.0763860152131,420.3596393642355,575.9236631485209,648.4808952134712
60,38,ep060_task038,test,11837,0.0,low,0.99,16-28,28,28,12,15,5,0.03100125677883625,289.086393662532,381.55114684640364,407.090846306089,410.3081783177966,259.7740552154025,407.0573085644249,562.6213323487102,635.1785644136605
60,38,ep060_task038,test,11837,0.0,low,0.99,16-28,28,28,13,15,5,0.02423427253961563,282.9096820097583,375.37443519362995,400.9141346533154,404.13146666502297,254.21501472790618,401.4982680769286,557.0622918612139,629.6195239261642
60,38,ep060_task038,test,11837,0.0,low,0.99,16-28,28,28,14,15,5,0.01848217472434044,271.90312600746387,364.36787919133553,389.907578651021,393.12491066272855,238.75215069653,386.0354040455524,541.5994278298377,614.156659894788
60,38,ep060_task038,test,11837,0.0,low,0.99,16-28,28,28,15,15,5,0.026608049869537354,286.53936426688085,379.0041174507525,404.54381691043795,407.76114892214554,257.48172875931647,404.76498210833887,560.3290058926242,632.8862379575745
60,38,ep060_task038,test,11837,0.0,low,0.99,16-28,28,28,16,15,5,0.037641484290361404,294.49599366426776,386.9607468481394,412.50044630782486,415.71777831953244,273.0763860152131,420.3596393642355,575.9236631485209,648.4808952134712
60,38,ep060_task038,test,11837,0.0,low,0.99,16-28,28,28,17,15,5,0.031160829588770866,289.086393662532,381.55114684640364,407.090846306089,410.3081783177966,259.7740552154025,407.0573085644249,562.6213323487102,635.1785644136605
60,38,ep060_task038,test,11837,0.0,low,0.99,16-28,28,28,18,15,5,0.03169112652540207,282.9096820097583,375.37443519362995,400.9141346533154,404.13146666502297,254.21501472790618,401.4982680769286,557.0622918612139,629.6195239261642
60,38,ep060_task038,test,11837,0.0,low,0.99,16-28,28,28,19,15,5,0.0516994446516037,286.53936426688085,379.0041174507525,404.54381691043795,407.76114892214554,257.48172875931647,404.76498210833887,560.3290058926242,632.8862379575745
60,38,ep060_task038,test,11837,0.0,low,0.99,16-28,28,28,20,15,5,0.07402906566858292,294.49599366426776,386.9607468481394,412.50044630782486,415.71777831953244,273.0763860152131,420.3596393642355,575.9236631485209,648.4808952134712
60,38,ep060_task038,test,11837,0.0,low,0.99,16-28,28,28,21,15,5,0.05715123936533928,289.086393662532,381.55114684640364,407.090846306089,410.3081783177966,259.7740552154025,407.0573085644249,562.6213323487102,635.1785644136605
60,38,ep060_task038,test,11837,0.0,low,0.99,16-28,28,28,22,15,5,0.040070727467536926,286.53936426688085,379.0041174507525,404.54381691043795,407.76114892214554,257.48172875931647,404.76498210833887,560.3290058926242,632.8862379575745
60,38,ep060_task038,test,11837,0.0,low,0.99,16-28,28,28,23,15,5,0.05505003407597542,294.49599366426776,386.9607468481394,412.50044630782486,415.71777831953244,273.0763860152131,420.3596393642355,575.9236631485209,648.4808952134712
60,38,ep060_task038,test,11837,0.0,low,0.99,16-28,28,28,24,15,5,0.045504212379455566,289.086393662532,381.55114684640364,407.090846306089,410.3081783177966,259.7740552154025,407.0573085644249,562.6213323487102,635.1785644136605
60,38,ep060_task038,test,11837,0.0,low,0.99,16-28,28,28,25,15,5,0.08810658007860184,294.49599366426776,386.9607468481394,412.50044630782486,415.71777831953244,273.0763860152131,420.3596393642355,575.9236631485209,648.4808952134712
60,38,ep060_task038,test,11837,0.0,low,0.99,16-28,28,28,26,15,5,0.0809553787112236,289.086393662532,381.55114684640364,407.090846306089,410.3081783177966,259.7740552154025,407.0573085644249,562.6213323487102,635.1785644136605
60,38,ep060_task038,test,11837,0.0,low,0.99,16-28,28,28,27,15,5,0.09306494891643524,294.49599366426776,386.9607468481394,412.50044630782486,415.71777831953244,273.0763860152131,420.3596393642355,575.9236631485209,648.4808952134712
60,51,ep060_task051,test,11850,0.5472872912852471,medium,0.999,16-28,21,21,3,19,11,0.013832115568220615,214.30397507809056,280.0800129911569,309.2958168603319,318.1277135332415,294.1722608805211,448.49441295326943,579.8104842178954,657.3577839868159
60,51,ep060_task051,test,11850,0.5472872912852471,medium,0.999,16-28,21,21,6,19,11,0.020717527717351913,228.78377392833286,294.5598118413992,323.7756157105742,332.60751238348377,308.65205973076337,462.9742118035117,594.2902830681377,671.8375828370582
60,51,ep060_task051,test,11850,0.5472872912852471,medium,0.999,16-28,21,21,9,19,11,0.018535736948251724,214.30397507809056,280.0800129911569,309.2958168603319,318.1277135332415,294.1722608805211,448.49441295326943,579.8104842178954,657.3577839868159
60,51,ep060_task051,test,11850,0.5472872912852471,medium,0.999,16-28,21,21,10,19,11,0.02933717891573906,225.117408871751,290.89344678481734,320.1092506539923,328.9411473269019,304.9856946741815,459.30784674692984,590.6239180115558,668.1712177804764
60,51,ep060_task051,test,11850,0.5472872912852471,medium,0.999,16-28,21,21,11,19,11,0.03920403867959976,231.80821099497254,297.5842489080389,326.8000527772139,335.63194945012344,311.6764967974031,465.99864887015144,597.3147201347774,674.862019903698
60,51,ep060_task051,test,11850,0.5472872912852471,medium,0.999,16-28,21,21,12,19,11,0.03550809621810913,228.78377392833286,294.5598118413992,323.7756157105742,332.60751238348377,308.65205973076337,462.9742118035117,594.2902830681377,671.8375828370582
60,51,ep060_task051,test,11850,0.5472872912852471,medium,0.999,16-28,21,21,13,19,11,0.027985090389847755,221.54252118766243,287.31855910072875,316.5343629699038,325.36625964281336,301.41080699009296,455.7329590628413,587.0490303274672,664.5963300963878
60,51,ep060_task051,test,11850,0.5472872912852471,medium,0.999,16-28,21,21,14,19,11,0.0214168019592762,214.30397507809056,280.0800129911569,309.2958168603319,318.1277135332415,294.1722608805211,448.49441295326943,579.8104842178954,657.3577839868159
60,51,ep060_task051,test,11850,0.5472872912852471,medium,0.999,16-28,21,21,15,19,11,0.029209528118371964,225.117408871751,290.89344678481734,320.1092506539923,328.9411473269019,304.9856946741815,459.30784674692984,590.6239180115558,668.1712177804764
60,51,ep060_task051,test,11850,0.5472872912852471,medium,0.999,16-28,21,21,16,19,11,0.0422302708029747,231.80821099497254,297.5842489080389,326.8000527772139,335.63194945012344,311.6764967974031,465.99864887015144,597.3147201347774,674.862019903698
60,51,ep060_task051,test,11850,0.5472872912852471,medium,0.999,16-28,21,21,17,19,11,0.03564722463488579,228.78377392833286,294.5598118413992,323.7756157105742,332.60751238348377,308.65205973076337,462.9742118035117,594.2902830681377,671.8375828370582
60,51,ep060_task051,test,11850,0.5472872912852471,medium,0.999,16-28,21,21,18,19,11,0.036596063524484634,221.54252118766243,287.31855910072875,316.5343629699038,325.36625964281336,301.41080699009296,455.7329590628413,587.0490303274672,664.5963300963878
60,51,ep060_task051,test,11850,0.5472872912852471,medium,0.999,16-28,21,21,19,19,11,0.05635915324091911,225.117408871751,290.89344678481734,320.1092506539923,328.9411473269019,304.9856946741815,459.30784674692984,590.6239180115558,668.1712177804764
60,51,ep060_task051,test,11850,0.5472872912852471,medium,0.999,16-28,21,21,20,19,11,0.08189301937818527,231.80821099497254,297.5842489080389,326.8000527772139,335.63194945012344,311.6764967974031,465.99864887015144,597.3147201347774,674.862019903698
60,51,ep060_task051,test,11850,0.5472872912852471,medium,0.999,16-28,21,21,21,19,11,0.06517620384693146,228.78377392833286,294.5598118413992,323.7756157105742,332.60751238348377,308.65205973076337,462.9742118035117,594.2902830681377,671.8375828370582
60,51,ep060_task051,test,11850,0.5472872912852471,medium,0.999,16-28,21,21,22,19,11,0.0438784584403038,225.117408871751,290.89344678481734,320.1092506539923,328.9411473269019,304.9856946741815,459.30784674692984,590.6239180115558,668.1712177804764
60,51,ep060_task051,test,11850,0.5472872912852471,medium,0.999,16-28,21,21,23,19,11,0.06182607263326645,231.80821099497254,297.5842489080389,326.8000527772139,335.63194945012344,311.6764967974031,465.99864887015144,597.3147201347774,674.862019903698
60,51,ep060_task051,test,11850,0.5472872912852471,medium,0.999,16-28,21,21,24,19,11,0.05200709402561188,228.78377392833286,294.5598118413992,323.7756157105742,332.60751238348377,308.65205973076337,462.9742118035117,594.2902830681377,671.8375828370582
60,51,ep060_task051,test,11850,0.5472872912852471,medium,0.999,16-28,21,21,25,19,11,0.09675990045070648,231.80821099497254,297.5842489080389,326.8000527772139,335.63194945012344,311.6764967974031,465.99864887015144,597.3147201347774,674.862019903698
60,51,ep060_task051,test,11850,0.5472872912852471,medium,0.999,16-28,21,21,26,19,11,0.08815405517816544,228.78377392833286,294.5598118413992,323.7756157105742,332.60751238348377,308.65205973076337,462.9742118035117,594.2902830681377,671.8375828370582
60,51,ep060_task051,test,11850,0.5472872912852471,medium,0.999,16-28,21,21,27,19,11,0.10372637957334518,231.80821099497254,297.5842489080389,326.8000527772139,335.63194945012344,311.6764967974031,465.99864887015144,597.3147201347774,674.862019903698
60,63,ep060_task063,test,11862,0.0367741736411915,low,0.999,16-28,27,27,1,25,5,0.00934806652367115,325.19657050382455,502.74875935003433,594.9230655105482,612.1097607893732,263.67768824740244,466.9401039218353,603.0099942450828,655.0166901004543
60,63,ep060_task063,test,11862,0.0367741736411915,low,0.999,16-28,27,27,2,25,5,0.01337762176990509,338.4334841372382,515.985672983448,608.1599791439619,625.3466744227869,291.9962806964087,495.25869637084156,631.328586694089,683.3352825494605
60,63,ep060_task063,test,11862,0.0367741736411915,low,0.999,16-28,27,27,3,25,5,0.012055951170623302,327.5500916013024,505.1022804475122,597.276586608026,614.4632818868511,281.11288816047283,484.3753038349057,620.4451941581532,672.4518900135247
60,63,ep060_task063,test,11862,0.0367741736411915,low,0.999,16-28,27,27,4,25,5,0.01536770910024643,343.233657529137,520.7858463753468,612.9601525358607,630.1468478146857,296.7964540883074,500.0588697627403,636.1287600859878,688.1354559413594
60,63,ep060_task063,test,11862,0.0367741736411915,low,0.999,16-28,27,27,5,25,5,0.02101968415081501,351.52375466309786,529.0759435093076,621.2502496698215,638.4369449486466,305.0865512222683,508.3489668967012,644.4188572199487,696.4255530753203
60,63,ep060_task063,test,11862,0.0367741736411915,low,0.999,16-28,27,27,6,25,5,0.0181104876101017,346.7050090832827,524.2571979294925,616.4315040900063,633.6181993688314,300.26780564245314,503.530221316886,639.6001116401335,691.6068074955051
60,63,ep060_task063,test,11862,0.0367741736411915,low,0.999,16-28,27,27,7,25,5,0.013916987925767899,325.5828329036858,503.1350217498956,595.3093279104095,612.4960231892345,268.1846361752564,471.4470518496893,607.5169421729368,659.5236380283084
60,63,ep060_task063,test,11862,0.0367741736411915,low,0.999,16-28,27,27,8,25,5,0.02516639605164528,338.4334841372382,515.985672983448,608.1599791439619,625.3466744227869,291.9962806964087,495.25869637084156,631.328586694089,683.3352825494605
60,63,ep060_task063,test,11862,0.0367741736411915,low,0.999,16-28,27,27,9,25,5,0.016125475987792015,327.5500916013024,505.1022804475122,597.276586608026,614.4632818868511,281.11288816047283,484.3753038349057,620.4451941581532,672.4518900135247
60,63,ep060_task063,test,11862,0.0367741736411915,low,0.999,16-28,27,27,10,25,5,0.026941578835248947,343.233657529137,520.7858463753468,612.9601525358607,630.1468478146857,296.7964540883074,500.0588697627403,636.1287600859878,688.1354559413594
60,63,ep060_task063,test,11862,0.0367741736411915,low,0.999,16-28,27,27,11,25,5,0.03512914478778839,351.52375466309786,529.0759435093076,621.2502496698215,638.4369449486466,305.0865512222683,508.3489668967012,644.4188572199487,696.4255530753203
60,63,ep060_task063,test,11862,0.0367741736411915,low,0.999,16-28,27,27,12,25,5,0.031133465468883514,346.7050090832827,524.2571979294925,616.4315040900063,633.6181993688314,300.26780564245314,503.530221316886,639.6001116401335,691.6068074955051
60,63,ep060_task063,test,11862,0.0367741736411915,low,0.999,16-28,27,27,13,25,5,0.024516746401786804,338.4334841372382,515.985672983448,608.1599791439619,625.3466744227869,281.0352874088088,484.2977030832417,620.3675934064892,672.3742892618607
60,63,ep060_task063,test,11862,0.0367741736411915,low,0.999,16-28,27,27,14,25,5,0.01870518922805786,327.5500916013024,505.1022804475122,597.276586608026,614.4632818868511,270.15189487287296,473.41431054730583,609.4842008705533,661.4908967259248
60,63,ep060_task063,test,11862,0.0367741736411915,low,0.999,16-28,27,27,15,25,5,0.026805121451616287,343.233657529137,520.7858463753468,612.9601525358607,630.1468478146857,285.8354608007076,489.0978764751405,625.167766798388,677.1744626537595
60,63,ep060_task063,test,11862,0.0367741736411915,low,0.999,16-28,27,27,16,25,5,0.037724703550338745,351.52375466309786,529.0759435093076,621.2502496698215,638.4369449486466,294.12555793466845,497.3879736091013,633.4578639323488,685.4645597877204
60,63,ep060_task063,test,11862,0.0367741736411915,low,0.999,16-28,27,27,17,25,5,0.03134966641664505,346.7050090832827,524.2571979294925,616.4315040900063,633.6181993688314,289.30681235485326,492.56922802928614,628.6391183525336,680.6458142079052
60,63,ep060_task063,test,11862,0.0367741736411915,low,0.999,16-28,27,27,18,25,5,0.03210296109318733,338.4334841372382,515.985672983448,608.1599791439619,625.3466744227869,291.9962806964087,495.25869637084156,631.328586694089,683.3352825494605
60,63,ep060_task063,test,11862,0.0367741736411915,low,0.999,16-28,27,27,19,25,5,0.05216342583298683,343.233657529137,520.7858463753468,612.9601525358607,630.1468478146857,296.7964540883074,500.0588697627403,636.1287600859878,688.1354559413594
60,63,ep060_task063,test,11862,0.0367741736411915,low,0.999,16-28,27,27,20,25,5,0.07455018907785416,351.52375466309786,529.0759435093076,621.2502496698215,638.4369449486466,305.0865512222683,508.3489668967012,644.4188572199487,696.4255530753203
60,63,ep060_task063,test,11862,0.0367741736411915,low,0.999,16-28,27,27,21,25,5,0.05745081603527069,346.7050090832827,524.2571979294925,616.4315040900063,633.6181993688314,300.26780564245314,503.530221316886,639.6001116401335,691.6068074955051
60,63,ep060_task063,test,11862,0.0367741736411915,low,0.999,16-28,27,27,22,25,5,0.04044230654835701,343.233657529137,520.7858463753468,612.9601525358607,630.1468478146857,296.7964540883074,500.0588697627403,636.1287600859878,688.1354559413594
60,63,ep060_task063,test,11862,0.0367741736411915,low,0.999,16-28,27,27,23,25,5,0.055521123111248016,351.52375466309786,529.0759435093076,621.2502496698215,638.4369449486466,305.0865512222683,508.3489668967012,644.4188572199487,696.4255530753203
60,63,ep060_task063,test,11862,0.0367741736411915,low,0.999,16-28,27,27,24,25,5,0.04575292393565178,346.7050090832827,524.2571979294925,616.4315040900063,633.6181993688314,300.26780564245314,503.530221316886,639.6001116401335,691.6068074955051
60,63,ep060_task063,test,11862,0.0367741736411915,low,0.999,16-28,27,27,25,25,5,0.08932488411664963,351.52375466309786,529.0759435093076,621.2502496698215,638.4369449486466,305.0865512222683,508.3489668967012,644.4188572199487,696.4255530753203
60,63,ep060_task063,test,11862,0.0367741736411915,low,0.999,16-28,27,27,26,25,5,0.08180855959653854,346.7050090832827,524.2571979294925,616.4315040900063,633.6181993688314,300.26780564245314,503.530221316886,639.6001116401335,691.6068074955051
60,63,ep060_task063,test,11862,0.0367741736411915,low,0.999,16-28,27,27,27,25,5,0.09408881515264511,351.52375466309786,529.0759435093076,621.2502496698215,638.4369449486466,305.0865512222683,508.3489668967012,644.4188572199487,696.4255530753203
60,76,ep060_task076,test,11875,0.0241416299968026,low,0.9999,6-15,14,14,14,18,16,0.02575288899242878,240.21905855119857,404.29587008601,467.2996372217179,479.4564012864304,116.0506245178212,295.46440607248655,417.1299407108968,476.70220371065415
60,76,ep060_task076,test,11875,0.0241416299968026,low,0.9999,6-15,14,14,15,18,16,0.03648566082119942,253.38278875569998,417.4596002905114,480.46336742621924,492.62013149093184,125.64698383690273,305.0607653915681,426.72630002997835,486.2985630297357
60,76,ep060_task076,test,11875,0.0241416299968026,low,0.9999,6-15,14,14,16,18,16,0.05148918926715851,243.08525321396684,407.1620647487783,470.1658318844861,482.32259594919867,122.72210056637857,302.135882121044,423.80141675945424,483.3736797592116
60,76,ep060_task076,test,11875,0.0241416299968026,low,0.9999,6-15,14,14,17,18,16,0.04262901470065117,257.7431972518748,421.82000878668623,484.8237759223941,496.9805399871067,135.91651667755286,315.3302982322183,436.99583287062853,496.5680958703859
60,76,ep060_task076,test,11875,0.0241416299968026,low,0.9999,6-15,14,14,18,18,16,0.0439247228205204,247.66428335994053,411.74109489475194,474.74486203045984,486.90162609517233,121.4781934033941,300.89197495805945,422.5575095964697,482.12977259622704
60,76,ep060_task076,test,11875,0.0241416299968026,low,0.9999,6-15,14,14,19,18,16,0.07035617530345917,253.38278875569998,417.4596002905114,480.46336742621924,492.62013149093184,125.64698383690273,305.0607653915681,426.72630002997835,486.2985630297357
60,76,ep060_task076,test,11875,0.0241416299968026,low,0.9999,6-15,14,14,20,18,16,0.10051708668470383,243.08525321396684,407.1620647487783,470.1658318844861,482.32259594919867,122.72210056637857,302.135882121044,423.80141675945424,483.3736797592116
60,76,ep060_task076,test,11875,0.0241416299968026,low,0.9999,6-15,14,14,21,18,16,0.07759709656238556,257.7431972518748,421.82000878668623,484.8237759223941,496.9805399871067,135.91651667755286,315.3302982322183,436.99583287062853,496.5680958703859
60,76,ep060_task076,test,11875,0.0241416299968026,low,0.9999,6-15,14,14,22,18,16,0.054895319044589996,253.38278875569998,417.4596002905114,480.46336742621924,492.62013149093184,125.64698383690273,305.0607653915681,426.72630002997835,486.2985630297357
60,76,ep060_task076,test,11875,0.0241416299968026,low,0.9999,6-15,14,14,23,18,16,0.07585588097572327,243.08525321396684,407.1620647487783,470.1658318844861,482.32259594919867,122.72210056637857,302.135882121044,423.80141675945424,483.3736797592116
60,76,ep060_task076,test,11875,0.0241416299968026,low,0.9999,6-15,14,14,24,18,16,0.062014441937208176,257.7431972518748,421.82000878668623,484.8237759223941,496.9805399871067,135.91651667755286,315.3302982322183,436.99583287062853,496.5680958703859
60,76,ep060_task076,test,11875,0.0241416299968026,low,0.9999,6-15,14,14,25,18,16,0.12086395174264908,243.08525321396684,407.1620647487783,470.1658318844861,482.32259594919867,122.72210056637857,302.135882121044,423.80141675945424,483.3736797592116
60,76,ep060_task076,test,11875,0.0241416299968026,low,0.9999,6-15,14,14,26,18,16,0.10999564826488495,257.7431972518748,421.82000878668623,484.8237759223941,496.9805399871067,135.91651667755286,315.3302982322183,436.99583287062853,496.5680958703859
60,76,ep060_task076,test,11875,0.0241416299968026,low,0.9999,6-15,14,14,27,18,16,0.12762299180030823,243.08525321396684,407.1620647487783,470.1658318844861,482.32259594919867,122.72210056637857,302.135882121044,423.80141675945424,483.3736797592116
60,88,ep060_task088,test,11887,3.797768814133706,high,0.9999,16-28,24,24,3,26,13,0.013386155478656292,140.24003168649077,158.4343162618038,190.5030152853716,196.67129519228223,460.14316318529745,460.14316318529745,623.9936797029334,680.1436259158238
60,88,ep060_task088,test,11887,3.797768814133706,high,0.9999,16-28,24,24,4,26,13,0.018526051193475723,140.24003168649077,158.4343162618038,190.5030152853716,196.67129519228223,460.14316318529745,460.14316318529745,623.9936797029334,680.1436259158238
60,88,ep060_task088,test,11887,3.797768814133706,high,0.9999,16-28,24,24,5,26,13,0.021152667701244354,140.24003168649077,158.4343162618038,190.5030152853716,196.67129519228223,460.14316318529745,460.14316318529745,623.9936797029334,680.1436259158238
60,88,ep060_task088,test,11887,3.797768814133706,high,0.9999,16-28,24,24,6,26,13,0.019197167828679085,140.24003168649077,158.4343162618038,190.5030152853716,196.67129519228223,460.14316318529745,460.14316318529745,623.9936797029334,680.1436259158238
60,88,ep060_task088,test,11887,3.797768814133706,high,0.9999,16-28,24,24,7,26,13,0.015375407412648201,156.31872558289973,174.51301015821275,206.58170918178058,212.7499890886912,476.2218570817064,476.2218570817064,640.0723735993423,696.2223198122327
60,88,ep060_task088,test,11887,3.797768814133706,high,0.9999,16-28,24,24,9,26,13,0.017776798456907272,156.31872558289973,174.51301015821275,206.58170918178058,212.7499890886912,476.2218570817064,476.2218570817064,640.0723735993423,696.2223198122327
60,88,ep060_task088,test,11887,3.797768814133706,high,0.9999,16-28,24,24,10,26,13,0.032042864710092545,156.31872558289973,174.51301015821275,206.58170918178058,212.7499890886912,476.2218570817064,476.2218570817064,640.0723735993423,696.2223198122327
60,88,ep060_task088,test,11887,3.797768814133706,high,0.9999,16-28,24,24,11,26,13,0.03494137525558472,156.31872558289973,174.51301015821275,206.58170918178058,212.7499890886912,476.2218570817064,476.2218570817064,640.0723735993423,696.2223198122327
60,88,ep060_task088,test,11887,3.797768814133706,high,0.9999,16-28,24,24,12,26,13,0.03262919560074806,156.31872558289973,174.51301015821275,206.58170918178058,212.7499890886912,476.2218570817064,476.2218570817064,640.0723735993423,696.2223198122327
60,88,ep060_task088,test,11887,3.797768814133706,high,0.9999,16-28,24,24,13,26,13,0.026743588969111443,169.7170271608235,187.91131173613653,219.98001075970433,226.14829066661497,489.6201586596302,489.6201586596302,653.4706751772661,709.6206213901565
60,88,ep060_task088,test,11887,3.797768814133706,high,0.9999,16-28,24,24,14,26,13,0.020994771271944046,121.01412691347163,139.20841148878463,171.27711051235246,177.4453904192631,440.91725841227833,440.91725841227833,604.7677749299143,660.9177211428047
60,88,ep060_task088,test,11887,3.797768814133706,high,0.9999,16-28,24,24,15,26,13,0.02909594587981701,116.75279857737928,134.9470831526923,167.01578217626013,173.18406208317074,436.655930076186,436.655930076186,600.5064465938219,656.6563928067123
60,88,ep060_task088,test,11887,3.797768814133706,high,0.9999,16-28,24,24,16,26,13,0.03839549794793129,116.75279857737928,134.9470831526923,167.01578217626013,173.18406208317074,436.655930076186,436.655930076186,600.5064465938219,656.6563928067123
60,88,ep060_task088,test,11887,3.797768814133706,high,0.9999,16-28,24,24,17,26,13,0.03356138989329338,116.75279857737928,134.9470831526923,167.01578217626013,173.18406208317074,436.655930076186,436.655930076186,600.5064465938219,656.6563928067123
60,88,ep060_task088,test,11887,3.797768814133706,high,0.9999,16-28,24,24,18,26,13,0.0349593423306942,169.7170271608235,187.91131173613653,219.98001075970433,226.14829066661497,489.6201586596302,489.6201586596302,653.4706751772661,709.6206213901565
60,88,ep060_task088,test,11887,3.797768814133706,high,0.9999,16-28,24,24,19,26,13,0.061481133103370667,169.7170271608235,187.91131173613653,219.98001075970433,226.14829066661497,489.6201586596302,489.6201586596302,653.4706751772661,709.6206213901565
60,88,ep060_task088,test,11887,3.797768814133706,high,0.9999,16-28,24,24,20,26,13,0.07355297356843948,169.7170271608235,187.91131173613653,219.98001075970433,226.14829066661497,489.6201586596302,489.6201586596302,653.4706751772661,709.6206213901565
60,88,ep060_task088,test,11887,3.797768814133706,high,0.9999,16-28,24,24,21,26,13,0.05974578857421875,169.7170271608235,187.91131173613653,219.98001075970433,226.14829066661497,489.6201586596302,489.6201586596302,653.4706751772661,709.6206213901565
60,88,ep060_task088,test,11887,3.797768814133706,high,0.9999,16-28,24,24,22,26,13,0.04375278204679489,121.01412691347163,139.20841148878463,171.27711051235246,177.4453904192631,440.91725841227833,440.91725841227833,604.7677749299143,660.9177211428047
60,88,ep060_task088,test,11887,3.797768814133706,high,0.9999,16-28,24,24,23,26,13,0.05612155795097351,121.01412691347163,139.20841148878463,171.27711051235246,177.4453904192631,440.91725841227833,440.91725841227833,604.7677749299143,660.9177211428047
60,88,ep060_task088,test,11887,3.797768814133706,high,0.9999,16-28,24,24,24,26,13,0.04863804206252098,121.01412691347163,139.20841148878463,171.27711051235246,177.4453904192631,440.91725841227833,440.91725841227833,604.7677749299143,660.9177211428047
60,88,ep060_task088,test,11887,3.797768814133706,high,0.9999,16-28,24,24,25,26,13,0.08792931586503983,110.8787766342158,129.07306120952882,161.14176023309665,167.31004014000726,430.7819081330225,430.7819081330225,594.6324246506584,650.7823708635489
60,88,ep060_task088,test,11887,3.797768814133706,high,0.9999,16-28,24,24,26,26,13,0.08463872969150543,110.8787766342158,129.07306120952882,161.14176023309665,167.31004014000726,430.7819081330225,430.7819081330225,594.6324246506584,650.7823708635489
60,88,ep060_task088,test,11887,3.797768814133706,high,0.9999,16-28,24,24,27,26,13,0.09536141157150269,86.54675046714993,104.74103504246297,136.80973406603079,142.9780139729414,406.44988196595665,406.44988196595665,570.3003984835925,626.450344696483
60,100,ep060_task100,test,11899,2.603517242194146,high,0.9999,6-15,15,15,12,25,12,0.04124297574162483,213.0664177304178,303.7004992851469,352.356399037729,363.40325226717556,225.18228667750324,367.6672414635478,451.1370688860398,529.0728254654745
60,100,ep060_task100,test,11899,2.603517242194146,high,0.9999,6-15,15,15,14,25,12,0.025071678683161736,198.36767905731259,289.00176061204166,337.6576603646237,348.7045135940703,201.2093952802107,343.69435006625525,427.16417748874727,505.0999340681818
60,100,ep060_task100,test,11899,2.603517242194146,high,0.9999,6-15,15,15,15,25,12,0.03689110651612282,212.93381174730285,303.56789330203196,352.22379305461396,363.2706462840606,229.4996325620608,371.9845873481053,455.45441477059734,533.3901713500319
60,100,ep060_task100,test,11899,2.603517242194146,high,0.9999,6-15,15,15,16,25,12,0.05059137940406799,209.21206672537784,299.84614828010695,348.50204803268895,359.5489012621356,225.7778875401358,368.2628423261803,451.7326697486723,529.668426328107
60,100,ep060_task100,test,11899,2.603517242194146,high,0.9999,6-15,15,15,17,25,12,0.04326604679226875,213.0664177304178,303.7004992851469,352.356399037729,363.40325226717556,225.18228667750324,367.6672414635478,451.1370688860398,529.0728254654745
60,100,ep060_task100,test,11899,2.603517242194146,high,0.9999,6-15,15,15,18,25,12,0.03850157558917999,198.36767905731259,289.00176061204166,337.6576603646237,348.7045135940703,201.2093952802107,343.69435006625525,427.16417748874727,505.0999340681818
60,100,ep060_task100,test,11899,2.603517242194146,high,0.9999,6-15,15,15,19,25,12,0.061839308589696884,212.93381174730285,303.56789330203196,352.22379305461396,363.2706462840606,229.4996325620608,371.9845873481053,455.45441477059734,533.3901713500319
60,100,ep060_task100,test,11899,2.603517242194146,high,0.9999,6-15,15,15,20,25,12,0.08962126821279526,209.21206672537784,299.84614828010695,348.50204803268895,359.5489012621356,225.7778875401358,368.2628423261803,451.7326697486723,529.668426328107
60,100,ep060_task100,test,11899,2.603517242194146,high,0.9999,6-15,15,15,21,25,12,0.06812423467636108,212.67070565485906,303.30478720958814,351.9606869621702,363.00754019161684,224.88758722425695,367.3725420103015,450.84236943279353,528.7781260122282
60,100,ep060_task100,test,11899,2.603517242194146,high,0.9999,6-15,15,15,22,25,12,0.05361229553818703,212.93381174730285,303.56789330203196,352.22379305461396,363.2706462840606,229.4996325620608,371.9845873481053,455.45441477059734,533.3901713500319
60,100,ep060_task100,test,11899,2.603517242194146,high,0.9999,6-15,15,15,23,25,12,0.0744241252541542,209.21206672537784,299.84614828010695,348.50204803268895,359.5489012621356,225.7778875401358,368.2628423261803,451.7326697486723,529.668426328107
60,100,ep060_task100,test,11899,2.603517242194146,high,0.9999,6-15,15,15,24,25,12,0.06044071167707443,213.0664177304178,303.7004992851469,352.356399037729,363.40325226717556,225.18228667750324,367.6672414635478,451.1370688860398,529.0728254654745
60,100,ep060_task100,test,11899,2.603517242194146,high,0.9999,6-15,15,15,25,25,12,0.11944092810153961,212.93381174730285,303.56789330203196,352.22379305461396,363.2706462840606,229.4996325620608,371.9845873481053,455.45441477059734,533.3901713500319
60,100,ep060_task100,test,11899,2.603517242194146,high,0.9999,6-15,15,15,26,25,12,0.11125444620847702,213.0664177304178,303.7004992851469,352.356399037729,363.40325226717556,225.18228667750324,367.6672414635478,451.1370688860398,529.0728254654745
60,100,ep060_task100,test,11899,2.603517242194146,high,0.9999,6-15,15,15,27,25,12,0.12567788362503052,213.0664177304178,303.7004992851469,352.356399037729,363.40325226717556,225.18228667750324,367.6672414635478,451.1370688860398,529.0728254654745
60,113,ep060_task113,test,11912,0.0,low,0.99,16-28,26,26,1,19,6,0.009664568118751049,168.55135123256812,242.06450770193652,311.46997631822546,324.882051567318,149.72958973007474,248.48285504191364,386.3816120851588,465.69450573466287
60,113,ep060_task113,test,11912,0.0,low,0.99,16-28,26,26,3,19,6,0.012375537306070328,174.61170351633578,248.12485998570418,317.5303286019932,330.9424038510857,154.6384750799266,253.3917403917655,391.29049743501065,470.6033910845147
60,113,ep060_task113,test,11912,0.0,low,0.99,16-28,26,26,4,19,6,0.01586366631090641,179.88859272515083,253.40174919451923,322.8072178108082,336.21929305990074,158.9127553390668,257.6660206509057,395.56477769415085,474.8776713436549
60,113,ep060_task113,test,11912,0.0,low,0.99,16-28,26,26,5,19,6,0.02173267863690853,162.4611535938954,235.9743100632638,305.37977867955277,318.7918539286453,138.48614980834157,237.23941512018047,375.1381721634256,454.4510658129297
60,113,ep060_task113,test,11912,0.0,low,0.99,16-28,26,26,6,19,6,0.01888890564441681,185.3976889857986,258.910845455167,328.31631407145596,341.7283893205485,163.37512331019144,262.12838862203034,400.0271456652755,479.3400393147796
60,113,ep060_task113,test,11912,0.0,low,0.99,16-28,26,26,7,19,6,0.014121411368250847,168.55135123256812,242.06450770193652,311.46997631822546,324.882051567318,149.72958973007474,248.48285504191364,386.3816120851588,465.69450573466287
60,113,ep060_task113,test,11912,0.0,low,0.99,16-28,26,26,8,19,6,0.02525300160050392,173.74830287312142,247.26145934248981,316.6669279587788,330.0790032078713,153.93912055892292,252.69238587076183,390.591142914007,469.90403656351106
60,113,ep060_task113,test,11912,0.0,low,0.99,16-28,26,26,9,19,6,0.016394352540373802,174.61170351633578,248.12485998570418,317.5303286019932,330.9424038510857,154.6384750799266,253.3917403917655,391.29049743501065,470.6033910845147
60,113,ep060_task113,test,11912,0.0,low,0.99,16-28,26,26,10,19,6,0.027412859722971916,179.88859272515083,253.40174919451923,322.8072178108082,336.21929305990074,158.9127553390668,257.6660206509057,395.56477769415085,474.8776713436549
60,113,ep060_task113,test,11912,0.0,low,0.99,16-28,26,26,11,19,6,0.03594507277011871,162.4611535938954,235.9743100632638,305.37977867955277,318.7918539286453,138.48614980834157,237.23941512018047,375.1381721634256,454.4510658129297
60,113,ep060_task113,test,11912,0.0,low,0.99,16-28,26,26,12,19,6,0.032088492065668106,185.3976889857986,258.910845455167,328.31631407145596,341.7283893205485,163.37512331019144,262.12838862203034,400.0271456652755,479.3400393147796
60,113,ep060_task113,test,11912,0.0,low,0.99,16-28,26,26,13,19,6,0.02447211928665638,173.74830287312142,247.26145934248981,316.6669279587788,330.0790032078713,153.93912055892292,252.69238587076183,390.591142914007,469.90403656351106
60,113,ep060_task113,test,11912,0.0,low,0.99,16-28,26,26,14,19,6,0.018846390768885612,174.61170351633578,248.12485998570418,317.5303286019932,330.9424038510857,154.6384750799266,253.3917403917655,391.29049743501065,470.6033910845147
60,113,ep060_task113,test,11912,0.0,low,0.99,16-28,26,26,15,19,6,0.02705567143857479,179.88859272515083,253.40174919451923,322.8072178108082,336.21929305990074,158.9127553390668,257.6660206509057,395.56477769415085,474.8776713436549
60,113,ep060_task113,test,11912,0.0,low,0.99,16-28,26,26,16,19,6,0.03822033852338791,147.68717651247886,221.20033298184725,290.6058015981362,304.01787684722876,126.22478562500444,224.97805093684337,362.87680798008853,442.1897016295926
60,113,ep060_task113,test,11912,0.0,low,0.99,16-28,26,26,17,19,6,0.03207992762327194,185.3976889857986,258.910845455167,328.31631407145596,341.7283893205485,163.37512331019144,262.12838862203034,400.0271456652755,479.3400393147796
60,113,ep060_task113,test,11912,0.0,low,0.99,16-28,26,26,18,19,6,0.03185044229030609,174.61170351633578,248.12485998570418,317.5303286019932,330.9424038510857,154.6384750799266,253.3917403917655,391.29049743501065,470.6033910845147
60,113,ep060_task113,test,11912,0.0,low,0.99,16-28,26,26,19,19,6,0.05222335085272789,179.88859272515083,253.40174919451923,322.8072178108082,336.21929305990074,158.9127553390668,257.6660206509057,395.56477769415085,474.8776713436549
60,113,ep060_task113,test,11912,0.0,low,0.99,16-28,26,26,20,19,6,0.07602188736200333,162.4611535938954,235.9743100632638,305.37977867955277,318.7918539286453,138.48614980834157,237.23941512018047,375.1381721634256,454.4510658129297
60,113,ep060_task113,test,11912,0.0,low,0.99,16-28,26,26,21,19,6,0.058265745639801025,185.3976889857986,258.910845455167,328.31631407145596,341.7283893205485,163.37512331019144,262.12838862203034,400.0271456652755,479.3400393147796
60,113,ep060_task113,test,11912,0.0,low,0.99,16-28,26,26,22,19,6,0.04028366878628731,179.88859272515083,253.40174919451923,322.8072178108082,336.21929305990074,158.9127553390668,257.6660206509057,395.56477769415085,474.8776713436549
60,113,ep060_task113,test,11912,0.0,low,0.99,16-28,26,26,23,19,6,0.05571870505809784,162.4611535938954,235.9743100632638,305.37977867955277,318.7918539286453,138.48614980834157,237.23941512018047,375.1381721634256,454.4510658129297
60,113,ep060_task113,test,11912,0.0,low,0.99,16-28,26,26,24,19,6,0.04609540477395058,185.3976889857986,258.910845455167,328.31631407145596,341.7283893205485,163.37512331019144,262.12838862203034,400.0271456652755,479.3400393147796
60,113,ep060_task113,test,11912,0.0,low,0.99,16-28,26,26,25,19,6,0.09038960933685303,162.4611535938954,235.9743100632638,305.37977867955277,318.7918539286453,138.48614980834157,237.23941512018047,375.1381721634256,454.4510658129297
60,113,ep060_task113,test,11912,0.0,low,0.99,16-28,26,26,26,19,6,0.08331450819969177,185.3976889857986,258.910845455167,328.31631407145596,341.7283893205485,163.37512331019144,262.12838862203034,400.0271456652755,479.3400393147796
60,113,ep060_task113,test,11912,0.0,low,0.99,16-28,26,26,27,19,6,0.09542176127433777,165.37762232371153,238.89077879307993,308.29624740936885,321.70832265846144,140.84848947949263,239.60175479133153,377.5005118345767,456.81340548408076
60,125,ep060_task125,test,11924,1.804338564589864,high,0.999,16-28,19,19,3,25,16,0.013249248266220093,213.4877450373599,327.0621853143756,376.89718715862597,384.7202456653294,298.04305646210975,491.4932445012797,634.5967626946288,711.9316887767112
60,125,ep060_task125,test,11924,1.804338564589864,high,0.999,16-28,19,19,6,25,16,0.019946977496147156,216.09595150109652,329.6703917781123,379.5053936223626,387.32845212906597,302.2800211438329,495.7302091830029,638.8337273763519,716.1686534584344
60,125,ep060_task125,test,11924,1.804338564589864,high,0.999,16-28,19,19,9,25,16,0.01984511688351631,213.4877450373599,327.0621853143756,376.89718715862597,384.7202456653294,298.04305646210975,491.4932445012797,634.5967626946288,711.9316887767112
60,125,ep060_task125,test,11924,1.804338564589864,high,0.999,16-28,19,19,12,25,16,0.037437207996845245,216.09595150109652,329.6703917781123,379.5053936223626,387.32845212906597,302.2800211438329,495.7302091830029,638.8337273763519,716.1686534584344
60,125,ep060_task125,test,11924,1.804338564589864,high,0.999,16-28,19,19,13,25,16,0.029907435178756714,218.0431406890225,331.61758096603825,381.45258281028856,389.275641316992,305.61917243063203,499.06936046980206,642.1728786631511,719.5078047452336
60,125,ep060_task125,test,11924,1.804338564589864,high,0.999,16-28,19,19,14,25,16,0.022900694981217384,213.4877450373599,327.0621853143756,376.89718715862597,384.7202456653294,298.04305646210975,491.4932445012797,634.5967626946288,711.9316887767112
60,125,ep060_task125,test,11924,1.804338564589864,high,0.999,16-28,19,19,15,25,16,0.031688373535871506,222.71533191643056,336.2897721934463,386.1247740376966,393.94783254440006,309.8241445352993,503.2743325744693,646.3778507678184,723.7127768499008
60,125,ep060_task125,test,11924,1.804338564589864,high,0.999,16-28,19,19,16,25,16,0.04591113701462746,227.5865887292176,341.1610290062333,390.99603085048363,398.8190893571871,314.20827566680765,507.6584637059776,650.7619818993267,728.0969079814091
60,125,ep060_task125,test,11924,1.804338564589864,high,0.999,16-28,19,19,17,25,16,0.03752734884619713,216.09595150109652,329.6703917781123,379.5053936223626,387.32845212906597,302.2800211438329,495.7302091830029,638.8337273763519,716.1686534584344
60,125,ep060_task125,test,11924,1.804338564589864,high,0.999,16-28,19,19,18,25,16,0.03911669924855232,218.0431406890225,331.61758096603825,381.45258281028856,389.275641316992,305.61917243063203,499.06936046980206,642.1728786631511,719.5078047452336
60,125,ep060_task125,test,11924,1.804338564589864,high,0.999,16-28,19,19,19,25,16,0.061175573617219925,222.71533191643056,336.2897721934463,386.1247740376966,393.94783254440006,309.8241445352993,503.2743325744693,646.3778507678184,723.7127768499008
60,125,ep060_task125,test,11924,1.804338564589864,high,0.999,16-28,19,19,20,25,16,0.08911605924367905,227.5865887292176,341.1610290062333,390.99603085048363,398.8190893571871,314.20827566680765,507.6584637059776,650.7619818993267,728.0969079814091
60,125,ep060_task125,test,11924,1.804338564589864,high,0.999,16-28,19,19,21,25,16,0.06871303170919418,216.09595150109652,329.6703917781123,379.5053936223626,387.32845212906597,302.2800211438329,495.7302091830029,638.8337273763519,716.1686534584344
60,125,ep060_task125,test,11924,1.804338564589864,high,0.999,16-28,19,19,22,25,16,0.047615714371204376,222.71533191643056,336.2897721934463,386.1247740376966,393.94783254440006,309.8241445352993,503.2743325744693,646.3778507678184,723.7127768499008
60,125,ep060_task125,test,11924,1.804338564589864,high,0.999,16-28,19,19,23,25,16,0.06728052347898483,227.5865887292176,341.1610290062333,390.99603085048363,398.8190893571871,314.20827566680765,507.6584637059776,650.7619818993267,728.0969079814091
60,125,ep060_task125,test,11924,1.804338564589864,high,0.999,16-28,19,19,24,25,16,0.054672859609127045,216.09595150109652,329.6703917781123,379.5053936223626,387.32845212906597,302.2800211438329,495.7302091830029,638.8337273763519,716.1686534584344
60,125,ep060_task125,test,11924,1.804338564589864,high,0.999,16-28,19,19,25,25,16,0.10504947602748871,227.5865887292176,341.1610290062333,390.99603085048363,398.8190893571871,314.20827566680765,507.6584637059776,650.7619818993267,728.0969079814091
60,125,ep060_task125,test,11924,1.804338564589864,high,0.999,16-28,19,19,26,25,16,0.09633124619722366,216.09595150109652,329.6703917781123,379.5053936223626,387.32845212906597,302.2800211438329,495.7302091830029,638.8337273763519,716.1686534584344
60,125,ep060_task125,test,11924,1.804338564589864,high,0.999,16-28,19,19,27,25,16,0.11251533776521683,205.47342527689548,319.0478655539112,368.8828673981616,376.70592590486496,292.9037967685538,486.3539848077238,629.4575030010728,706.7924290831553
60,138,ep060_task138,test,11937,0.0,low,0.9,16-28,28,28,0,21,5,0.008748121559619904,252.19832295844313,374.9404635350687,416.3180252217019,420.92877830994036,139.83216757810354,386.41101062800135,506.0087273814678,588.0903655396904
60,138,ep060_task138,test,11937,0.0,low,0.9,16-28,28,28,1,21,5,0.009124306961894035,253.4755955873124,376.21773616393796,417.5952978505711,422.2060509388096,140.86675840748762,387.4456014573854,507.0433182108518,589.1249563690744
60,138,ep060_task138,test,11937,0.0,low,0.9,16-28,28,28,2,21,5,0.01314590685069561,259.4351888453588,382.1773294219844,423.55489110861754,428.165644196856,152.5478392484158,396.5735530683197,516.1712698217862,598.2529079800088
60,138,ep060_task138,test,11937,0.0,low,0.9,16-28,28,28,3,21,5,0.011794669553637505,258.11185866552796,380.8539992421535,422.2315609287866,426.8423140170251,149.04792841304746,395.62677146294527,515.2244882164117,597.3061263746343
60,138,ep060_task138,test,11937,0.0,low,0.9,16-28,28,28,4,21,5,0.01519171055406332,267.81767857019463,390.5598191468202,431.93738083345335,436.54813392169183,157.78316632724747,404.3620093771452,523.9597261306117,606.0413642888343
60,138,ep060_task138,test,11937,0.0,low,0.9,16-28,28,28,5,21,5,0.020951243117451668,262.4668316237634,385.208972200389,426.58653388702214,431.1972869752606,147.64810316408767,394.22694621398546,513.8246629674519,595.9063011256745
60,138,ep060_task138,test,11937,0.0,low,0.9,16-28,28,28,6,21,5,0.01801264099776745,272.5002169122176,395.24235748884314,436.6199191754763,441.2306722637148,161.9974508350681,408.5762938849659,528.1740106384323,610.2556487966549
60,138,ep060_task138,test,11937,0.0,low,0.9,16-28,28,28,7,21,5,0.013579186983406544,253.4755955873124,376.21773616393796,417.5952978505711,422.2060509388096,140.86675840748762,387.4456014573854,507.0433182108518,589.1249563690744
60,138,ep060_task138,test,11937,0.0,low,0.9,16-28,28,28,8,21,5,0.02478889748454094,259.4351888453588,382.1773294219844,423.55489110861754,428.165644196856,152.5478392484158,396.5735530683197,516.1712698217862,598.2529079800088
60,138,ep060_task138,test,11937,0.0,low,0.9,16-28,28,28,9,21,5,0.01583249494433403,258.11185866552796,380.8539992421535,422.2315609287866,426.8423140170251,149.04792841304746,395.62677146294527,515.2244882164117,597.3061263746343
60,138,ep060_task138,test,11937,0.0,low,0.9,16-28,28,28,10,21,5,0.026784518733620644,267.81767857019463,390.5598191468202,431.93738083345335,436.54813392169183,157.78316632724747,404.3620093771452,523.9597261306117,606.0413642888343
60,138,ep060_task138,test,11937,0.0,low,0.9,16-28,28,28,11,21,5,0.03518237546086311,262.4668316237634,385.208972200389,426.58653388702214,431.1972869752606,147.64810316408767,394.22694621398546,513.8246629674519,595.9063011256745
60,138,ep060_task138,test,11937,0.0,low,0.9,16-28,28,28,12,21,5,0.03118947520852089,272.5002169122176,395.24235748884314,436.6199191754763,441.2306722637148,161.9974508350681,408.5762938849659,528.1740106384323,610.2556487966549
60,138,ep060_task138,test,11937,0.0,low,0.9,16-28,28,28,13,21,5,0.02397835999727249,259.4351888453588,382.1773294219844,423.55489110861754,428.165644196856,152.5478392484158,396.5735530683197,516.1712698217862,598.2529079800088
60,138,ep060_task138,test,11937,0.0,low,0.9,16-28,28,28,14,21,5,0.01831352710723877,258.11185866552796,380.8539992421535,422.2315609287866,426.8423140170251,149.04792841304746,395.62677146294527,515.2244882164117,597.3061263746343
60,138,ep060_task138,test,11937,0.0,low,0.9,16-28,28,28,15,21,5,0.026504896581172943,267.81767857019463,390.5598191468202,431.93738083345335,436.54813392169183,157.78316632724747,404.3620093771452,523.9597261306117,606.0413642888343
60,138,ep060_task138,test,11937,0.0,low,0.9,16-28,28,28,16,21,5,0.037471503019332886,262.4668316237634,385.208972200389,426.58653388702214,431.1972869752606,147.64810316408767,394.22694621398546,513.8246629674519,595.9063011256745
60,138,ep060_task138,test,11937,0.0,low,0.9,16-28,28,28,17,21,5,0.03128891810774803,272.5002169122176,395.24235748884314,436.6199191754763,441.2306722637148,161.9974508350681,408.5762938849659,528.1740106384323,610.2556487966549
60,138,ep060_task138,test,11937,0.0,low,0.9,16-28,28,28,18,21,5,0.03129948675632477,259.4351888453588,382.1773294219844,423.55489110861754,428.165644196856,152.5478392484158,396.5735530683197,516.1712698217862,598.2529079800088
60,138,ep060_task138,test,11937,0.0,low,0.9,16-28,28,28,19,21,5,0.0516316182911396,265.2522189329496,387.99435950957513,429.3719211962083,433.9826742844468,157.78316632724747,401.8088801471514,521.4065969006178,603.4882350588405
60,138,ep060_task138,test,11937,0.0,low,0.9,16-28,28,28,20,21,5,0.07470615208148956,253.31938717812648,376.06152775475203,417.4390894413852,422.0498425296237,141.91832410265624,385.94403792256014,505.5417546760266,587.6233928342492
60,138,ep060_task138,test,11937,0.0,low,0.9,16-28,28,28,21,21,5,0.05733444541692734,269.9347572749725,392.6768978515981,434.0544595382312,438.66521262646967,161.9974508350681,406.023164654972,525.6208814084384,607.7025195666611
60,138,ep060_task138,test,11937,0.0,low,0.9,16-28,28,28,22,21,5,0.0397665873169899,267.81767857019463,390.5598191468202,431.93738083345335,436.54813392169183,157.78316632724747,404.3620093771452,523.9597261306117,606.0413642888343
60,138,ep060_task138,test,11937,0.0,low,0.9,16-28,28,28,23,21,5,0.05461088940501213,262.4668316237634,385.208972200389,426.58653388702214,431.1972869752606,147.64810316408767,394.22694621398546,513.8246629674519,595.9063011256745
60,138,ep060_task138,test,11937,0.0,low,0.9,16-28,28,28,24,21,5,0.04547163099050522,272.5002169122176,395.24235748884314,436.6199191754763,441.2306722637148,161.9974508350681,408.5762938849659,528.1740106384323,610.2556487966549
60,138,ep060_task138,test,11937,0.0,low,0.9,16-28,28,28,25,21,5,0.08834460377693176,262.4668316237634,385.208972200389,426.58653388702214,431.1972869752606,147.64810316408767,394.22694621398546,513.8246629674519,595.9063011256745
60,138,ep060_task138,test,11937,0.0,low,0.9,16-28,28,28,26,21,5,0.08164791017770767,272.5002169122176,395.24235748884314,436.6199191754763,441.2306722637148,161.9974508350681,408.5762938849659,528.1740106384323,610.2556487966549
60,138,ep060_task138,test,11937,0.0,low,0.9,16-28,28,28,27,21,5,0.09330391138792038,262.4668316237634,385.208972200389,426.58653388702214,431.1972869752606,147.64810316408767,394.22694621398546,513.8246629674519,595.9063011256745
60,150,ep060_task150,test,11949,0.0,low,0.9,16-28,28,28,0,2,5,0.008723589591681957,171.72457510043867,223.09581205801894,242.42207173168305,245.87801905047223,182.12702203463945,392.55837127576086,525.705228436932,601.468262667869
60,150,ep060_task150,test,11949,0.0,low,0.9,16-28,28,28,1,2,5,0.00909832026809454,173.0579407619807,224.42917771956095,243.75543739322507,247.21138471201428,183.46038769618147,393.89173693730294,527.038594098474,602.8016283294111
60,150,ep060_task150,test,11949,0.0,low,0.9,16-28,28,28,2,2,5,0.01308851782232523,183.39274181748166,234.76397877506193,254.09023844872604,257.5461857675153,193.79518875168245,404.2265379928039,537.373395153975,613.136429384912
60,150,ep060_task150,test,11949,0.0,low,0.9,16-28,28,28,3,2,5,0.011764655821025372,178.19920803681987,229.57044499440013,248.89670466806422,252.35265198685346,188.60165497102065,399.0330042121421,532.1798613733132,607.9428956042502
60,150,ep060_task150,test,11949,0.0,low,0.9,16-28,28,28,4,2,5,0.015120716765522957,189.9334673005158,241.30470425809605,260.6309639317601,264.08691125054935,200.33591423471657,410.767263475838,543.9141206370091,619.6771548679461
60,150,ep060_task150,test,11949,0.0,low,0.9,16-28,28,28,5,2,5,0.02078990638256073,195.90694226834722,247.2781792259275,266.60443889959157,270.0603862183808,206.309389202548,416.7407384436694,549.8875956048405,625.6506298357775
60,150,ep060_task150,test,11949,0.0,low,0.9,16-28,28,28,6,2,5,0.017923224717378616,195.09922787444154,246.4704648320218,265.7967245056859,269.25267182447516,205.50167480864232,415.9330240497638,549.0798812109349,624.8429154418719
60,150,ep060_task150,test,11949,0.0,low,0.9,16-28,28,28,7,2,5,0.013571138493716717,173.0579407619807,224.42917771956095,243.75543739322507,247.21138471201428,183.46038769618147,393.89173693730294,527.038594098474,602.8016283294111
60,150,ep060_task150,test,11949,0.0,low,0.9,16-28,28,28,8,2,5,0.02481737546622753,183.39274181748166,234.76397877506193,254.09023844872604,257.5461857675153,193.79518875168245,404.2265379928039,537.373395153975,613.136429384912
60,150,ep060_task150,test,11949,0.0,low,0.9,16-28,28,28,9,2,5,0.015782097354531288,178.19920803681987,229.57044499440013,248.89670466806422,252.35265198685346,188.60165497102065,399.0330042121421,532.1798613733132,607.9428956042502
60,150,ep060_task150,test,11949,0.0,low,0.9,16-28,28,28,10,2,5,0.026758376508951187,189.9334673005158,241.30470425809605,260.6309639317601,264.08691125054935,200.33591423471657,410.767263475838,543.9141206370091,619.6771548679461
60,150,ep060_task150,test,11949,0.0,low,0.9,16-28,28,28,11,2,5,0.035080596804618835,195.90694226834722,247.2781792259275,266.60443889959157,270.0603862183808,206.309389202548,416.7407384436694,549.8875956048405,625.6506298357775
60,150,ep060_task150,test,11949,0.0,low,0.9,16-28,28,28,12,2,5,0.03107624500989914,195.09922787444154,246.4704648320218,265.7967245056859,269.25267182447516,205.50167480864232,415.9330240497638,549.0798812109349,624.8429154418719
60,150,ep060_task150,test,11949,0.0,low,0.9,16-28,28,28,13,2,5,0.023989170789718628,183.39274181748166,234.76397877506193,254.09023844872604,257.5461857675153,193.79518875168245,404.2265379928039,537.373395153975,613.136429384912
60,150,ep060_task150,test,11949,0.0,low,0.9,16-28,28,28,14,2,5,0.0182937141507864,178.19920803681987,229.57044499440013,248.89670466806422,252.35265198685346,188.60165497102065,399.0330042121421,532.1798613733132,607.9428956042502
60,150,ep060_task150,test,11949,0.0,low,0.9,16-28,28,28,15,2,5,0.026475008577108383,189.9334673005158,241.30470425809605,260.6309639317601,264.08691125054935,200.33591423471657,410.767263475838,543.9141206370091,619.6771548679461
60,150,ep060_task150,test,11949,0.0,low,0.9,16-28,28,28,16,2,5,0.037350356578826904,195.90694226834722,247.2781792259275,266.60443889959157,270.0603862183808,206.309389202548,416.7407384436694,549.8875956048405,625.6506298357775
60,150,ep060_task150,test,11949,0.0,low,0.9,16-28,28,28,17,2,5,0.031225446611642838,195.09922787444154,246.4704648320218,265.7967245056859,269.25267182447516,205.50167480864232,415.9330240497638,549.0798812109349,624.8429154418719
60,150,ep060_task150,test,11949,0.0,low,0.9,16-28,28,28,18,2,5,0.03133270516991615,183.39274181748166,234.76397877506193,254.09023844872604,257.5461857675153,193.79518875168245,404.2265379928039,537.373395153975,613.136429384912
60,150,ep060_task150,test,11949,0.0,low,0.9,16-28,28,28,19,2,5,0.05175623297691345,189.9334673005158,241.30470425809605,260.6309639317601,264.08691125054935,200.33591423471657,410.767263475838,543.9141206370091,619.6771548679461
60,150,ep060_task150,test,11949,0.0,low,0.9,16-28,28,28,20,2,5,0.07496993243694305,195.90694226834722,247.2781792259275,266.60443889959157,270.0603862183808,206.309389202548,416.7407384436694,549.8875956048405,625.6506298357775
60,150,ep060_task150,test,11949,0.0,low,0.9,16-28,28,28,21,2,5,0.05725426599383354,195.09922787444154,246.4704648320218,265.7967245056859,269.25267182447516,205.50167480864232,415.9330240497638,549.0798812109349,624.8429154418719
60,150,ep060_task150,test,11949,0.0,low,0.9,16-28,28,28,22,2,5,0.03980522230267525,189.9334673005158,241.30470425809605,260.6309639317601,264.08691125054935,200.33591423471657,410.767263475838,543.9141206370091,619.6771548679461
60,150,ep060_task150,test,11949,0.0,low,0.9,16-28,28,28,23,2,5,0.05456896871328354,195.90694226834722,247.2781792259275,266.60443889959157,270.0603862183808,206.309389202548,416.7407384436694,549.8875956048405,625.6506298357775
60,150,ep060_task150,test,11949,0.0,low,0.9,16-28,28,28,24,2,5,0.045434996485710144,195.09922787444154,246.4704648320218,265.7967245056859,269.25267182447516,205.50167480864232,415.9330240497638,549.0798812109349,624.8429154418719
60,150,ep060_task150,test,11949,0.0,low,0.9,16-28,28,28,25,2,5,0.0886988639831543,195.90694226834722,247.2781792259275,266.60443889959157,270.0603862183808,206.309389202548,416.7407384436694,549.8875956048405,625.6506298357775
60,150,ep060_task150,test,11949,0.0,low,0.9,16-28,28,28,26,2,5,0.08182906359434128,195.09922787444154,246.4704648320218,265.7967245056859,269.25267182447516,205.50167480864232,415.9330240497638,549.0798812109349,624.8429154418719
60,150,ep060_task150,test,11949,0.0,low,0.9,16-28,28,28,27,2,5,0.09342125058174133,195.90694226834722,247.2781792259275,266.60443889959157,270.0603862183808,206.309389202548,416.7407384436694,549.8875956048405,625.6506298357775
60,163,ep060_task163,test,11962,0.2597579235300372,medium,0.9,16-28,28,28,0,7,5,0.008874013088643551,139.21807293480956,233.51001703499455,285.33048083386774,296.9928199963665,214.20762454331447,386.24692267440344,508.69204574799886,598.4173204611631
60,163,ep060_task163,test,11962,0.2597579235300372,medium,0.9,16-28,28,28,1,7,5,0.009268184192478657,139.62648019825156,233.91842429843655,285.73888809730977,297.4012272598085,214.57519108041225,386.6144892115012,509.05961228509665,598.7848869982608
60,163,ep060_task163,test,11962,0.2597579235300372,medium,0.9,16-28,28,28,2,7,5,0.013379127718508244,149.39996721285016,243.69191131303515,295.51237511190834,307.1747142744071,229.16318483684262,401.2024829679316,523.647606041527,613.3728807546911
60,163,ep060_task163,test,11962,0.2597579235300372,medium,0.9,16-28,28,28,3,7,5,0.011995992623269558,142.70271662948147,236.99466072966646,288.8151245285397,300.47746369103845,217.34380386851922,389.3831019996082,511.82822507320367,601.5534997863679
60,163,ep060_task163,test,11962,0.2597579235300372,medium,0.9,16-28,28,28,4,7,5,0.015445133671164513,154.20181907009467,248.49376317027966,300.31422696915286,311.9765661316516,233.96503669408713,406.0043348251761,528.4494578987715,618.1747326119356
60,163,ep060_task163,test,11962,0.2597579235300372,medium,0.9,16-28,28,28,5,7,5,0.020860940217971802,160.2833733465591,254.5753174467441,306.3957812456173,318.05812040811605,240.04659097055156,412.08588910164053,534.5310121752359,624.2562868884
60,163,ep060_task163,test,11962,0.2597579235300372,medium,0.9,16-28,28,28,6,7,5,0.01783975400030613,157.8659230484942,252.1578671486792,303.9783309475524,315.64067011005113,237.62914067248664,409.6684388035756,532.113561877171,621.8388365903352
60,163,ep060_task163,test,11962,0.2597579235300372,medium,0.9,16-28,28,28,7,7,5,0.013821030035614967,139.62648019825156,233.91842429843655,285.73888809730977,297.4012272598085,214.57519108041225,386.6144892115012,509.05961228509665,598.7848869982608
60,163,ep060_task163,test,11962,0.2597579235300372,medium,0.9,16-28,28,28,8,7,5,0.025248562917113304,149.39996721285016,243.69191131303515,295.51237511190834,307.1747142744071,229.16318483684262,401.2024829679316,523.647606041527,613.3728807546911
60,163,ep060_task163,test,11962,0.2597579235300372,medium,0.9,16-28,28,28,9,7,5,0.016131330281496048,142.70271662948147,236.99466072966646,288.8151245285397,300.47746369103845,217.34380386851922,389.3831019996082,511.82822507320367,601.5534997863679
60,163,ep060_task163,test,11962,0.2597579235300372,medium,0.9,16-28,28,28,10,7,5,0.027238018810749054,154.20181907009467,248.49376317027966,300.31422696915286,311.9765661316516,233.96503669408713,406.0043348251761,528.4494578987715,618.1747326119356
60,163,ep060_task163,test,11962,0.2597579235300372,medium,0.9,16-28,28,28,11,7,5,0.03499440476298332,160.2833733465591,254.5753174467441,306.3957812456173,318.05812040811605,240.04659097055156,412.08588910164053,534.5310121752359,624.2562868884
60,163,ep060_task163,test,11962,0.2597579235300372,medium,0.9,16-28,28,28,12,7,5,0.030928896740078926,157.8659230484942,252.1578671486792,303.9783309475524,315.64067011005113,237.62914067248664,409.6684388035756,532.113561877171,621.8388365903352
60,163,ep060_task163,test,11962,0.2597579235300372,medium,0.9,16-28,28,28,13,7,5,0.024439474567770958,149.39996721285016,243.69191131303515,295.51237511190834,307.1747142744071,229.16318483684262,401.2024829679316,523.647606041527,613.3728807546911
60,163,ep060_task163,test,11962,0.2597579235300372,medium,0.9,16-28,28,28,14,7,5,0.018669448792934418,142.70271662948147,236.99466072966646,288.8151245285397,300.47746369103845,217.34380386851922,389.3831019996082,511.82822507320367,601.5534997863679
60,163,ep060_task163,test,11962,0.2597579235300372,medium,0.9,16-28,28,28,15,7,5,0.026992488652467728,154.20181907009467,248.49376317027966,300.31422696915286,311.9765661316516,233.96503669408713,406.0043348251761,528.4494578987715,618.1747326119356
60,163,ep060_task163,test,11962,0.2597579235300372,medium,0.9,16-28,28,28,16,7,5,0.037298958748579025,160.2833733465591,254.5753174467441,306.3957812456173,318.05812040811605,240.04659097055156,412.08588910164053,534.5310121752359,624.2562868884
60,163,ep060_task163,test,11962,0.2597579235300372,medium,0.9,16-28,28,28,17,7,5,0.0310356505215168,157.8659230484942,252.1578671486792,303.9783309475524,315.64067011005113,237.62914067248664,409.6684388035756,532.113561877171,621.8388365903352
60,163,ep060_task163,test,11962,0.2597579235300372,medium,0.9,16-28,28,28,18,7,5,0.03187776729464531,149.39996721285016,243.69191131303515,295.51237511190834,307.1747142744071,229.16318483684262,401.2024829679316,523.647606041527,613.3728807546911
60,163,ep060_task163,test,11962,0.2597579235300372,medium,0.9,16-28,28,28,19,7,5,0.052409809082746506,154.20181907009467,248.49376317027966,300.31422696915286,311.9765661316516,233.96503669408713,406.0043348251761,528.4494578987715,618.1747326119356
60,163,ep060_task163,test,11962,0.2597579235300372,medium,0.9,16-28,28,28,20,7,5,0.07396087050437927,160.2833733465591,254.5753174467441,306.3957812456173,318.05812040811605,240.04659097055156,412.08588910164053,534.5310121752359,624.2562868884
60,163,ep060_task163,test,11962,0.2597579235300372,medium,0.9,16-28,28,28,21,7,5,0.05682257562875748,157.8659230484942,252.1578671486792,303.9783309475524,315.64067011005113,237.62914067248664,409.6684388035756,532.113561877171,621.8388365903352
60,163,ep060_task163,test,11962,0.2597579235300372,medium,0.9,16-28,28,28,22,7,5,0.04046717658638954,154.20181907009467,248.49376317027966,300.31422696915286,311.9765661316516,233.96503669408713,406.0043348251761,528.4494578987715,618.1747326119356
60,163,ep060_task163,test,11962,0.2597579235300372,medium,0.9,16-28,28,28,23,7,5,0.05422874167561531,160.2833733465591,254.5753174467441,306.3957812456173,318.05812040811605,240.04659097055156,412.08588910164053,534.5310121752359,624.2562868884
60,163,ep060_task163,test,11962,0.2597579235300372,medium,0.9,16-28,28,28,24,7,5,0.04512002319097519,157.8659230484942,252.1578671486792,303.9783309475524,315.64067011005113,237.62914067248664,409.6684388035756,532.113561877171,621.8388365903352
60,163,ep060_task163,test,11962,0.2597579235300372,medium,0.9,16-28,28,28,25,7,5,0.0873323604464531,160.2833733465591,254.5753174467441,306.3957812456173,318.05812040811605,240.04659097055156,412.08588910164053,534.5310121752359,624.2562868884
60,163,ep060_task163,test,11962,0.2597579235300372,medium,0.9,16-28,28,28,26,7,5,0.08062112331390381,157.8659230484942,252.1578671486792,303.9783309475524,315.64067011005113,237.62914067248664,409.6684388035756,532.113561877171,621.8388365903352
60,163,ep060_task163,test,11962,0.2597579235300372,medium,0.9,16-28,28,28,27,7,5,0.09269815683364868,160.2833733465591,254.5753174467441,306.3957812456173,318.05812040811605,240.04659097055156,412.08588910164053,534.5310121752359,624.2562868884
60,175,ep060_task175,test,11974,1.8093694859666825,high,0.9,16-28,28,28,0,24,4,0.009645605459809303,213.47327162612748,332.09618439099125,396.8245113520241,398.28288278375294,251.3986137469207,398.9241017117816,555.7793042233336,589.1893771536094
60,175,ep060_task175,test,11974,1.8093694859666825,high,0.9,16-28,28,28,1,24,4,0.010030540637671947,215.80738746030818,334.43030022517195,399.1586271862048,400.61699861793363,253.49931799768333,401.02480596254424,557.8800084740963,591.290081404372
60,175,ep060_task175,test,11974,1.8093694859666825,high,0.9,16-28,28,28,2,24,4,0.014326512813568115,222.04334949764606,340.6662622625098,405.39458922354265,406.8529606552715,259.11168383128745,406.63717179614827,563.4923743077002,596.9024472379759
60,175,ep060_task175,test,11974,1.8093694859666825,high,0.9,16-28,28,28,3,24,4,0.012889232486486435,222.5445545819555,341.16746734681925,405.89579430785216,407.354165739581,259.5627684071659,407.0882563720267,563.9434588835786,597.3535318138544
60,175,ep060_task175,test,11974,1.8093694859666825,high,0.9,16-28,28,28,4,24,4,0.016577161848545074,214.73997315870255,333.3628859235663,398.09121288459914,399.549584316328,252.0095415121062,399.53502947696705,556.390231988519,589.8003049187947
60,175,ep060_task175,test,11974,1.8093694859666825,high,0.9,16-28,28,28,5,24,4,0.020123053342103958,210.63640529336453,329.2593180582283,393.98764501926115,395.44601645099,248.84543404743405,396.3709220122949,553.2261245238469,586.6361974541227
60,175,ep060_task175,test,11974,1.8093694859666825,high,0.9,16-28,28,28,6,24,4,0.017433425411581993,212.51993389583706,331.1428466607008,395.87117362173365,397.3295450534625,250.5406097896593,398.0660977545202,554.9213002660722,588.331373196348
60,175,ep060_task175,test,11974,1.8093694859666825,high,0.9,16-28,28,28,7,24,4,0.014774244278669357,215.80738746030818,334.43030022517195,399.1586271862048,400.61699861793363,253.49931799768333,401.02480596254424,557.8800084740963,591.290081404372
60,175,ep060_task175,test,11974,1.8093694859666825,high,0.9,16-28,28,28,8,24,4,0.026697661727666855,222.04334949764606,340.6662622625098,405.39458922354265,406.8529606552715,259.11168383128745,406.63717179614827,563.4923743077002,596.9024472379759
60,175,ep060_task175,test,11974,1.8093694859666825,high,0.9,16-28,28,28,9,24,4,0.01716926135122776,222.5445545819555,341.16746734681925,405.89579430785216,407.354165739581,259.5627684071659,407.0882563720267,563.9434588835786,597.3535318138544
60,175,ep060_task175,test,11974,1.8093694859666825,high,0.9,16-28,28,28,10,24,4,0.028960801661014557,214.73997315870255,333.3628859235663,398.09121288459914,399.549584316328,252.0095415121062,399.53502947696705,556.390231988519,589.8003049187947
60,175,ep060_task175,test,11974,1.8093694859666825,high,0.9,16-28,28,28,11,24,4,0.03352316468954086,213.47327162612748,332.09618439099125,396.8245113520241,398.28288278375294,251.3986137469207,398.9241017117816,555.7793042233336,589.1893771536094
60,175,ep060_task175,test,11974,1.8093694859666825,high,0.9,16-28,28,28,12,24,4,0.029845748096704483,213.47327162612748,332.09618439099125,396.8245113520241,398.28288278375294,251.3986137469207,398.9241017117816,555.7793042233336,589.1893771536094
60,175,ep060_task175,test,11974,1.8093694859666825,high,0.9,16-28,28,28,13,24,4,0.02579551190137863,222.04334949764606,340.6662622625098,405.39458922354265,406.8529606552715,259.11168383128745,406.63717179614827,563.4923743077002,596.9024472379759
60,175,ep060_task175,test,11974,1.8093694859666825,high,0.9,16-28,28,28,14,24,4,0.019785769283771515,222.5445545819555,341.16746734681925,405.89579430785216,407.354165739581,259.5627684071659,407.0882563720267,563.9434588835786,597.3535318138544
60,175,ep060_task175,test,11974,1.8093694859666825,high,0.9,16-28,28,28,15,24,4,0.02856290340423584,214.73997315870255,333.3628859235663,398.09121288459914,399.549584316328,252.0095415121062,399.53502947696705,556.390231988519,589.8003049187947
60,175,ep060_task175,test,11974,1.8093694859666825,high,0.9,16-28,28,28,16,24,4,0.03556092455983162,215.80738746030818,334.43030022517195,399.1586271862048,400.61699861793363,253.49931799768333,401.02480596254424,557.8800084740963,591.290081404372
60,175,ep060_task175,test,11974,1.8093694859666825,high,0.9,16-28,28,28,17,24,4,0.0298417080193758,215.80738746030818,334.43030022517195,399.1586271862048,400.61699861793363,253.49931799768333,401.02480596254424,557.8800084740963,591.290081404372
60,175,ep060_task175,test,11974,1.8093694859666825,high,0.9,16-28,28,28,18,24,4,0.033594436943531036,222.5445545819555,341.16746734681925,405.89579430785216,407.354165739581,259.5627684071659,407.0882563720267,563.9434588835786,597.3535318138544
60,175,ep060_task175,test,11974,1.8093694859666825,high,0.9,16-28,28,28,19,24,4,0.05545977130532265,214.73997315870255,333.3628859235663,398.09121288459914,399.549584316328,252.0095415121062,399.53502947696705,556.390231988519,589.8003049187947
60,175,ep060_task175,test,11974,1.8093694859666825,high,0.9,16-28,28,28,20,24,4,0.07186046242713928,222.04334949764606,340.6662622625098,405.39458922354265,406.8529606552715,259.11168383128745,406.63717179614827,563.4923743077002,596.9024472379759
60,175,ep060_task175,test,11974,1.8093694859666825,high,0.9,16-28,28,28,21,24,4,0.0545181930065155,222.04334949764606,340.6662622625098,405.39458922354265,406.8529606552715,259.11168383128745,406.63717179614827,563.4923743077002,596.9024472379759
60,175,ep060_task175,test,11974,1.8093694859666825,high,0.9,16-28,28,28,22,24,4,0.04263146594166756,214.73997315870255,333.3628859235663,398.09121288459914,399.549584316328,252.0095415121062,399.53502947696705,556.390231988519,589.8003049187947
60,175,ep060_task175,test,11974,1.8093694859666825,high,0.9,16-28,28,28,23,24,4,0.05180085077881813,222.5445545819555,341.16746734681925,405.89579430785216,407.354165739581,259.5627684071659,407.0882563720267,563.9434588835786,597.3535318138544
60,175,ep060_task175,test,11974,1.8093694859666825,high,0.9,16-28,28,28,24,24,4,0.04300989955663681,222.5445545819555,341.16746734681925,405.89579430785216,407.354165739581,259.5627684071659,407.0882563720267,563.9434588835786,597.3535318138544
60,175,ep060_task175,test,11974,1.8093694859666825,high,0.9,16-28,28,28,25,24,4,0.08484592288732529,208.07209128405648,326.6950040489202,391.4233310099531,392.8817024416819,242.92719211562533,390.45268008048623,547.3078825920381,580.7179555223139
60,175,ep060_task175,test,11974,1.8093694859666825,high,0.9,16-28,28,28,26,24,4,0.07838816195726395,214.73997315870255,333.3628859235663,398.09121288459914,399.549584316328,252.0095415121062,399.53502947696705,556.390231988519,589.8003049187947
60,175,ep060_task175,test,11974,1.8093694859666825,high,0.9,16-28,28,28,27,24,4,0.09234762191772461,212.51993389583706,331.1428466607008,395.87117362173365,397.3295450534625,250.5406097896593,398.0660977545202,554.9213002660722,588.331373196348
60,188,ep060_task188,test,11987,0.0,low,0.99,16-28,28,28,0,25,5,0.008769497275352478,215.22256697630303,257.25517706588676,260.4684483702189,260.4684483702189,268.70661850604984,416.49268240026464,458.8951915648284,458.8951915648284
60,188,ep060_task188,test,11987,0.0,low,0.99,16-28,28,28,1,25,5,0.00913904421031475,216.89333353969667,258.92594362928037,262.1392149336125,262.1392149336125,270.37738506944345,418.16344896365825,460.565958128222,460.565958128222
60,188,ep060_task188,test,11987,0.0,low,0.99,16-28,28,28,2,25,5,0.013101712800562382,228.10139427292637,270.13400436251004,273.34727566684217,273.34727566684217,281.5854458026732,429.371509696888,471.77401886145174,471.77401886145174
60,188,ep060_task188,test,11987,0.0,low,0.99,16-28,28,28,3,25,5,0.011801975779235363,222.9445065206715,264.9771166102552,268.19038791458735,268.19038791458735,276.4285580504183,424.2146219446331,466.61713110919686,466.61713110919686
60,188,ep060_task188,test,11987,0.0,low,0.99,16-28,28,28,4,25,5,0.015109272673726082,235.49379403194408,277.5264041215278,280.7396754258599,280.7396754258599,288.97784556169086,436.76390945590566,479.1664186204694,479.1664186204694
60,188,ep060_task188,test,11987,0.0,low,0.99,16-28,28,28,5,25,5,0.02072969079017639,241.79902982992263,283.83163991950636,287.0449112238385,287.0449112238385,295.28308135966944,443.06914525388424,485.471654418448,485.471654418448
60,188,ep060_task188,test,11987,0.0,low,0.99,16-28,28,28,6,25,5,0.01789036951959133,241.34476815690542,283.3773782464891,286.59064955082124,286.59064955082124,294.82881968665225,442.61488358086706,485.0173927454308,485.0173927454308
60,188,ep060_task188,test,11987,0.0,low,0.99,16-28,28,28,7,25,5,0.01362207904458046,216.89333353969667,258.92594362928037,262.1392149336125,262.1392149336125,270.37738506944345,418.16344896365825,460.565958128222,460.565958128222
60,188,ep060_task188,test,11987,0.0,low,0.99,16-28,28,28,8,25,5,0.024814000353217125,228.10139427292637,270.13400436251004,273.34727566684217,273.34727566684217,281.5854458026732,429.371509696888,471.77401886145174,471.77401886145174
60,188,ep060_task188,test,11987,0.0,low,0.99,16-28,28,28,9,25,5,0.015793662518262863,222.9445065206715,264.9771166102552,268.19038791458735,268.19038791458735,276.4285580504183,424.2146219446331,466.61713110919686,466.61713110919686
60,188,ep060_task188,test,11987,0.0,low,0.99,16-28,28,28,10,25,5,0.026672745123505592,235.49379403194408,277.5264041215278,280.7396754258599,280.7396754258599,288.97784556169086,436.76390945590566,479.1664186204694,479.1664186204694
60,188,ep060_task188,test,11987,0.0,low,0.99,16-28,28,28,11,25,5,0.034937210381031036,241.79902982992263,283.83163991950636,287.0449112238385,287.0449112238385,295.28308135966944,443.06914525388424,485.471654418448,485.471654418448
60,188,ep060_task188,test,11987,0.0,low,0.99,16-28,28,28,12,25,5,0.03090978041291237,241.34476815690542,283.3773782464891,286.59064955082124,286.59064955082124,294.82881968665225,442.61488358086706,485.0173927454308,485.0173927454308
60,188,ep060_task188,test,11987,0.0,low,0.99,16-28,28,28,13,25,5,0.024047644808888435,228.10139427292637,270.13400436251004,273.34727566684217,273.34727566684217,281.5854458026732,429.371509696888,471.77401886145174,471.77401886145174
60,188,ep060_task188,test,11987,0.0,low,0.99,16-28,28,28,14,25,5,0.018320681527256966,222.9445065206715,264.9771166102552,268.19038791458735,268.19038791458735,276.4285580504183,424.2146219446331,466.61713110919686,466.61713110919686
60,188,ep060_task188,test,11987,0.0,low,0.99,16-28,28,28,15,25,5,0.026427514851093292,235.49379403194408,277.5264041215278,280.7396754258599,280.7396754258599,288.97784556169086,436.76390945590566,479.1664186204694,479.1664186204694
60,188,ep060_task188,test,11987,0.0,low,0.99,16-28,28,28,16,25,5,0.0373087041079998,241.79902982992263,283.83163991950636,287.0449112238385,287.0449112238385,295.28308135966944,443.06914525388424,485.471654418448,485.471654418448
60,188,ep060_task188,test,11987,0.0,low,0.99,16-28,28,28,17,25,5,0.031089557334780693,241.34476815690542,283.3773782464891,286.59064955082124,286.59064955082124,294.82881968665225,442.61488358086706,485.0173927454308,485.0173927454308
60,188,ep060_task188,test,11987,0.0,low,0.99,16-28,28,28,18,25,5,0.03145712614059448,228.10139427292637,270.13400436251004,273.34727566684217,273.34727566684217,281.5854458026732,429.371509696888,471.77401886145174,471.77401886145174
60,188,ep060_task188,test,11987,0.0,low,0.99,16-28,28,28,19,25,5,0.05173253268003464,235.49379403194408,277.5264041215278,280.7396754258599,280.7396754258599,288.97784556169086,436.76390945590566,479.1664186204694,479.1664186204694
60,188,ep060_task188,test,11987,0.0,low,0.99,16-28,28,28,20,25,5,0.07483427971601486,241.79902982992263,283.83163991950636,287.0449112238385,287.0449112238385,295.28308135966944,443.06914525388424,485.471654418448,485.471654418448
60,188,ep060_task188,test,11987,0.0,low,0.99,16-28,28,28,21,25,5,0.057065047323703766,241.34476815690542,283.3773782464891,286.59064955082124,286.59064955082124,294.82881968665225,442.61488358086706,485.0173927454308,485.0173927454308
60,188,ep060_task188,test,11987,0.0,low,0.99,16-28,28,28,22,25,5,0.039828136563301086,235.49379403194408,277.5264041215278,280.7396754258599,280.7396754258599,288.97784556169086,436.76390945590566,479.1664186204694,479.1664186204694
60,188,ep060_task188,test,11987,0.0,low,0.99,16-28,28,28,23,25,5,0.05479179695248604,241.79902982992263,283.83163991950636,287.0449112238385,287.0449112238385,295.28308135966944,443.06914525388424,485.471654418448,485.471654418448
60,188,ep060_task188,test,11987,0.0,low,0.99,16-28,28,28,24,25,5,0.04528435319662094,241.34476815690542,283.3773782464891,286.59064955082124,286.59064955082124,294.82881968665225,442.61488358086706,485.0173927454308,485.0173927454308
60,188,ep060_task188,test,11987,0.0,low,0.99,16-28,28,28,25,25,5,0.08910846710205078,241.79902982992263,283.83163991950636,287.0449112238385,287.0449112238385,295.28308135966944,443.06914525388424,485.471654418448,485.471654418448
60,188,ep060_task188,test,11987,0.0,low,0.99,16-28,28,28,26,25,5,0.08169911801815033,241.34476815690542,283.3773782464891,286.59064955082124,286.59064955082124,294.82881968665225,442.61488358086706,485.0173927454308,485.0173927454308
60,188,ep060_task188,test,11987,0.0,low,0.99,16-28,28,28,27,25,5,0.09371402859687805,241.79902982992263,283.83163991950636,287.0449112238385,287.0449112238385,295.28308135966944,443.06914525388424,485.471654418448,485.471654418448
60,200,ep060_task200,test,11999,1.0750217027370406,medium,0.9999,1-5,5,5,22,27,24,0.13172025978565216,42.6863511912967,42.6863511912967,42.6863511912967,42.6863511912967,98.50176906706423,98.50176906706423,98.50176906706423,98.50176906706423
60,200,ep060_task200,test,11999,1.0750217027370406,medium,0.9999,1-5,5,5,23,27,24,0.16874244809150696,35.43809977840348,35.43809977840348,35.43809977840348,35.43809977840348,91.25351765417102,91.25351765417102,91.25351765417102,91.25351765417102
60,200,ep060_task200,test,11999,1.0750217027370406,medium,0.9999,1-5,5,5,24,27,24,0.14891523122787476,47.29920454519399,47.29920454519399,47.29920454519399,47.29920454519399,103.11462242096152,103.11462242096152,103.11462242096152,103.11462242096152
60,200,ep060_task200,test,11999,1.0750217027370406,medium,0.9999,1-5,5,5,26,27,24,0.26521971821784973,47.29920454519399,47.29920454519399,47.29920454519399,47.29920454519399,103.11462242096152,103.11462242096152,103.11462242096152,103.11462242096152
60,200,ep060_task200,test,11999,1.0750217027370406,medium,0.9999,1-5,5,5,27,27,24,0.28540241718292236,47.29920454519399,47.29920454519399,47.29920454519399,47.29920454519399,103.11462242096152,103.11462242096152,103.11462242096152,103.11462242096152
