lens,horizon,requirement,value_source,advantage_type,n,nonzero_reference_count,pearson,spearman,sign_agreement,normalized_mae,quartile_agreement,sign_agreement_including_zeros
legacy_interval_step,5,0.9,V0,raw,300,300,0.22615315422874005,0.23865946746465438,0.5866666666666667,0.9643767805224942,0.35333333333333333,0.5866666666666667
legacy_interval_step,5,0.9,V0,normalized,300,300,0.21762243371213338,0.24483332344461542,0.5766666666666667,0.9810783912006268,0.35,0.5766666666666667
legacy_interval_step,5,0.9,V1,raw,300,300,0.2261085430919192,0.23842435337543122,0.5866666666666667,0.9643984070035483,0.35333333333333333,0.5866666666666667
legacy_interval_step,5,0.9,V1,normalized,300,300,0.2175738791358501,0.2448673238752876,0.5766666666666667,0.9810894911283246,0.35,0.5766666666666667
legacy_interval_step,5,0.9,V2,raw,300,300,0.22610852217327168,0.23842435337543122,0.5866666666666667,0.9643984194551547,0.35333333333333333,0.5866666666666667
legacy_interval_step,5,0.9,V2,normalized,300,300,0.21757386202794002,0.2448673238752876,0.5766666666666667,0.981089502641005,0.35,0.5766666666666667
legacy_interval_step,5,0.9,V3,raw,300,300,0.22549890974708822,0.2136018167343815,0.5566666666666666,0.9626024341156509,0.33,0.5566666666666666
legacy_interval_step,5,0.9,V3,normalized,300,300,0.2175807254512747,0.21990900773658628,0.5666666666666667,0.9781143186169595,0.3233333333333333,0.5666666666666667
legacy_interval_step,5,0.99,V0,raw,220,220,0.032885700050682816,-0.023756989986110963,0.5636363636363636,1.1100525615611123,0.24545454545454545,0.5636363636363636
legacy_interval_step,5,0.99,V0,normalized,220,220,0.029403330200354825,-0.03019621113868313,0.4409090909090909,1.1225669490201937,0.22727272727272727,0.4409090909090909
legacy_interval_step,5,0.99,V1,raw,220,220,0.03289225543596319,-0.02372543346344149,0.5636363636363636,1.110056690147064,0.24545454545454545,0.5636363636363636
legacy_interval_step,5,0.99,V1,normalized,220,220,0.02941298728936549,-0.030377661144032588,0.4409090909090909,1.1225727946759476,0.22727272727272727,0.4409090909090909
legacy_interval_step,5,0.99,V2,raw,220,220,0.032892274441647426,-0.02372543346344149,0.5636363636363636,1.1100566891047712,0.24545454545454545,0.5636363636363636
legacy_interval_step,5,0.99,V2,normalized,220,220,0.02941301229769104,-0.030377661144032588,0.4409090909090909,1.1225727725256356,0.22727272727272727,0.4409090909090909
legacy_interval_step,5,0.99,V3,raw,220,220,0.07950428755216489,0.03761593853134243,0.5136363636363637,1.0741126901700124,0.2590909090909091,0.5136363636363637
legacy_interval_step,5,0.99,V3,normalized,220,220,0.07970606374347229,0.030294825272025223,0.5181818181818182,1.083236639334978,0.2590909090909091,0.5181818181818182
legacy_interval_step,5,0.999,V0,raw,220,220,0.14062482736385057,0.16465465044957925,0.5954545454545455,1.0280879158501715,0.2772727272727273,0.5954545454545455
legacy_interval_step,5,0.999,V0,normalized,220,220,0.16524478245136417,0.1854990013408506,0.5545454545454546,1.0152586079628652,0.2863636363636364,0.5545454545454546
legacy_interval_step,5,0.999,V1,raw,220,220,0.14058125154722023,0.1644946170454236,0.5954545454545455,1.0281235204751227,0.2772727272727273,0.5954545454545455
legacy_interval_step,5,0.999,V1,normalized,220,220,0.1652063902231605,0.18555309713943843,0.5545454545454546,1.015288667263656,0.2863636363636364,0.5545454545454546
legacy_interval_step,5,0.999,V2,raw,220,220,0.14058125982816286,0.1644946170454236,0.5954545454545455,1.0281235183865072,0.2772727272727273,0.5954545454545455
legacy_interval_step,5,0.999,V2,normalized,220,220,0.16520638589382244,0.18555309713943843,0.5545454545454546,1.015288668065591,0.2863636363636364,0.5545454545454546
legacy_interval_step,5,0.999,V3,raw,220,220,0.11461649439140682,0.11572049264368035,0.5136363636363637,1.0439844231531392,0.2545454545454545,0.5136363636363637
legacy_interval_step,5,0.999,V3,normalized,220,220,0.14465855550305173,0.14233280805937804,0.5181818181818182,1.0346001642418907,0.2772727272727273,0.5181818181818182
legacy_interval_step,5,0.9999,V0,raw,260,234,0.08295671380008089,0.17436529711793564,0.6452991452991453,1.0776720670512618,0.2230769230769231,0.5807692307692308
legacy_interval_step,5,0.9999,V0,normalized,260,234,0.0817462778270664,0.17164247968719423,0.5,1.073592256233504,0.21923076923076923,0.45
legacy_interval_step,5,0.9999,V1,raw,260,234,0.08291616342541923,0.17432198642576494,0.6452991452991453,1.077697669145411,0.2230769230769231,0.5807692307692308
legacy_interval_step,5,0.9999,V1,normalized,260,234,0.08170565621407015,0.17177191344333778,0.5,1.073612633418009,0.21923076923076923,0.45
legacy_interval_step,5,0.9999,V2,raw,260,234,0.08291614048685811,0.17431225234670158,0.6452991452991453,1.0776976736058022,0.2230769230769231,0.5807692307692308
legacy_interval_step,5,0.9999,V2,normalized,260,234,0.08170562379932343,0.17177191344333778,0.5,1.0736126408072997,0.21923076923076923,0.45
legacy_interval_step,5,0.9999,V3,raw,260,234,0.09093729096169045,0.1757024879232097,0.46153846153846156,1.0842739821141292,0.2076923076923077,0.4153846153846154
legacy_interval_step,5,0.9999,V3,normalized,260,234,0.08721752701387386,0.17216192228111066,0.44017094017094016,1.079222017128308,0.19615384615384615,0.39615384615384613
legacy_interval_step,10,0.9,V0,raw,300,300,0.2214176725975787,0.23965960408660283,0.5766666666666667,0.9713672374469451,0.36,0.5766666666666667
legacy_interval_step,10,0.9,V0,normalized,300,300,0.2117875993151033,0.24465745238959577,0.58,0.9819060882792695,0.3566666666666667,0.58
legacy_interval_step,10,0.9,V1,raw,300,300,0.22136076687923717,0.2394262674606294,0.5766666666666667,0.971394140716825,0.36,0.5766666666666667
legacy_interval_step,10,0.9,V1,normalized,300,300,0.21172691960998866,0.2446774526718221,0.58,0.9819230663909786,0.3566666666666667,0.58
legacy_interval_step,10,0.9,V2,raw,300,300,0.22136074687101012,0.2394262674606294,0.5766666666666667,0.9713941652294347,0.36,0.5766666666666667
legacy_interval_step,10,0.9,V2,normalized,300,300,0.21172690319164575,0.2446774526718221,0.58,0.9819230917551374,0.3566666666666667,0.58
legacy_interval_step,10,0.9,V3,raw,300,300,0.2058257464654766,0.20455155311728115,0.5533333333333333,0.9713994564296438,0.3333333333333333,0.5533333333333333
legacy_interval_step,10,0.9,V3,normalized,300,300,0.19612933612102243,0.20844605251745688,0.5566666666666666,0.9869272878848727,0.31666666666666665,0.5566666666666666
legacy_interval_step,10,0.99,V0,raw,220,220,0.05619002539925076,-0.0016251499278430327,0.5590909090909091,1.096102404305885,0.25,0.5590909090909091
legacy_interval_step,10,0.99,V0,normalized,220,220,0.04882283771263187,-0.009665246727587966,0.44545454545454544,1.1089573439400264,0.2318181818181818,0.44545454545454544
legacy_interval_step,10,0.99,V1,raw,220,220,0.056200092704617614,-0.001600919190361323,0.5590909090909091,1.0960927696248175,0.25,0.5590909090909091
legacy_interval_step,10,0.99,V1,normalized,220,220,0.04883551756524287,-0.009848386022507864,0.44545454545454544,1.1089521696046651,0.2318181818181818,0.44545454545454544
legacy_interval_step,10,0.99,V2,raw,220,220,0.05620011286952426,-0.001600919190361323,0.5590909090909091,1.0960927637980369,0.25,0.5590909090909091
legacy_interval_step,10,0.99,V2,normalized,220,220,0.04883554032033144,-0.009848386022507864,0.44545454545454544,1.1089521442525598,0.2318181818181818,0.44545454545454544
legacy_interval_step,10,0.99,V3,raw,220,220,0.10807636100697973,0.058287320765013785,0.509090909090909,1.05595572481897,0.2681818181818182,0.509090909090909
legacy_interval_step,10,0.99,V3,normalized,220,220,0.10364216625416199,0.04710342665339774,0.5136363636363637,1.0661323431456313,0.2590909090909091,0.5136363636363637
legacy_interval_step,10,0.999,V0,raw,220,220,0.1273841790116534,0.14905529603353937,0.6090909090909091,1.0343974633268302,0.2681818181818182,0.6090909090909091
legacy_interval_step,10,0.999,V0,normalized,220,220,0.1506171277134221,0.16749632317722565,0.5590909090909091,1.0260724869852587,0.29545454545454547,0.5590909090909091
legacy_interval_step,10,0.999,V1,raw,220,220,0.12734766744494497,0.14889300868350025,0.6090909090909091,1.0344259388743389,0.2681818181818182,0.6090909090909091
legacy_interval_step,10,0.999,V1,normalized,220,220,0.15058455033863247,0.16760338774843206,0.5590909090909091,1.0260912700946216,0.29545454545454547,0.5590909090909091
legacy_interval_step,10,0.999,V2,raw,220,220,0.12734767732905838,0.14889300868350025,0.6090909090909091,1.0344259306693957,0.2681818181818182,0.6090909090909091
legacy_interval_step,10,0.999,V2,normalized,220,220,0.1505845480421439,0.16760338774843206,0.5590909090909091,1.026091266954135,0.29545454545454547,0.5590909090909091
legacy_interval_step,10,0.999,V3,raw,220,220,0.11044254197705938,0.11593064469776798,0.5272727272727272,1.048922263023089,0.24545454545454545,0.5272727272727272
legacy_interval_step,10,0.999,V3,normalized,220,220,0.13761200183457492,0.14002806218761094,0.5318181818181819,1.0371940842255416,0.2590909090909091,0.5318181818181819
legacy_interval_step,10,0.9999,V0,raw,260,235,0.07920581518135081,0.1635566682706951,0.6382978723404256,1.0764560146907898,0.23076923076923078,0.5769230769230769
legacy_interval_step,10,0.9999,V0,normalized,260,235,0.0723384254529782,0.15903579076540647,0.49361702127659574,1.072966525927872,0.22692307692307692,0.4461538461538462
legacy_interval_step,10,0.9999,V1,raw,260,235,0.07916075152574921,0.16351221810820007,0.6382978723404256,1.0764767888082325,0.23076923076923078,0.5769230769230769
legacy_interval_step,10,0.9999,V1,normalized,260,235,0.07229298467090162,0.15916044971598012,0.49361702127659574,1.0729869031123767,0.22692307692307692,0.4461538461538462
legacy_interval_step,10,0.9999,V2,raw,260,235,0.0791607268784765,0.16350299587646158,0.6382978723404256,1.0764767913295346,0.23076923076923078,0.5769230769230769
legacy_interval_step,10,0.9999,V2,normalized,260,235,0.07229295201097168,0.15916044971598012,0.49361702127659574,1.0729869105016676,0.22692307692307692,0.4461538461538462
legacy_interval_step,10,0.9999,V3,raw,260,235,0.08426532710477468,0.1630353667370904,0.4553191489361702,1.0822551107075986,0.21923076923076923,0.4115384615384615
legacy_interval_step,10,0.9999,V3,normalized,260,235,0.07373420190763648,0.15808462589596092,0.4340425531914894,1.0790230828365683,0.2076923076923077,0.3923076923076923
legacy_interval_step,20,0.9,V0,raw,300,300,0.22083812106594647,0.23844451259409002,0.5766666666666667,0.9719995595302241,0.36,0.5766666666666667
legacy_interval_step,20,0.9,V0,normalized,300,300,0.21150583464027348,0.2437992506572774,0.58,0.982561885129259,0.3566666666666667,0.58
legacy_interval_step,20,0.9,V1,raw,300,300,0.22078255115967518,0.2382109539244183,0.5766666666666667,0.972026462800104,0.36,0.5766666666666667
legacy_interval_step,20,0.9,V1,normalized,300,300,0.21144628310399913,0.24382213985135565,0.58,0.9825788632409683,0.3566666666666667,0.58
legacy_interval_step,20,0.9,V2,raw,300,300,0.22078253100060924,0.2382109539244183,0.5766666666666667,0.9720264873127136,0.36,0.5766666666666667
legacy_interval_step,20,0.9,V2,normalized,300,300,0.21144626600553287,0.24382213985135565,0.58,0.9825788886051271,0.3566666666666667,0.58
legacy_interval_step,20,0.9,V3,raw,300,300,0.20619876643252444,0.2035538251626159,0.5533333333333333,0.9718692346406882,0.32666666666666666,0.5533333333333333
legacy_interval_step,20,0.9,V3,normalized,300,300,0.19675217221526548,0.20765654653224427,0.5566666666666666,0.9874412445347068,0.31,0.5566666666666666
legacy_interval_step,20,0.99,V0,raw,220,220,0.05392922842140849,-0.006270790168565836,0.5590909090909091,1.0968275230923743,0.25,0.5590909090909091
legacy_interval_step,20,0.99,V0,normalized,220,220,0.046281076975915464,-0.014871149581996083,0.44545454545454544,1.1104171348870384,0.2318181818181818,0.44545454545454544
legacy_interval_step,20,0.99,V1,raw,220,220,0.053940782843014234,-0.006225145488151222,0.5590909090909091,1.096817888411307,0.25,0.5590909090909091
legacy_interval_step,20,0.99,V1,normalized,220,220,0.04629536242760135,-0.015036822866463946,0.44545454545454544,1.1104056226815282,0.2318181818181818,0.44545454545454544
legacy_interval_step,20,0.99,V2,raw,220,220,0.05394080340219651,-0.006225145488151222,0.5590909090909091,1.0968178825845265,0.25,0.5590909090909091
legacy_interval_step,20,0.99,V2,normalized,220,220,0.04629538586036996,-0.015036822866463946,0.44545454545454544,1.1104055956878818,0.2318181818181818,0.44545454545454544
legacy_interval_step,20,0.99,V3,raw,220,220,0.10825332533650942,0.05741875390329326,0.509090909090909,1.0559307172756986,0.2681818181818182,0.509090909090909
legacy_interval_step,20,0.99,V3,normalized,220,220,0.10364095013906441,0.045576495151279324,0.5136363636363637,1.0651081973400645,0.2590909090909091,0.5136363636363637
legacy_interval_step,20,0.999,V0,raw,220,220,0.12726928781407124,0.1481548266399193,0.6090909090909091,1.0346501698131616,0.2681818181818182,0.6090909090909091
legacy_interval_step,20,0.999,V0,normalized,220,220,0.15061379492863444,0.16700157215870348,0.5590909090909091,1.025878860501427,0.29545454545454547,0.5590909090909091
legacy_interval_step,20,0.999,V1,raw,220,220,0.12723259919401003,0.14799253928988015,0.6090909090909091,1.03467864536067,0.2681818181818182,0.6090909090909091
legacy_interval_step,20,0.999,V1,normalized,220,220,0.1505810654614795,0.1671086367299099,0.5590909090909091,1.0258976436107903,0.29545454545454547,0.5590909090909091
legacy_interval_step,20,0.999,V2,raw,220,220,0.12723260912373216,0.14799253928988015,0.6090909090909091,1.034678637155727,0.2681818181818182,0.6090909090909091
legacy_interval_step,20,0.999,V2,normalized,220,220,0.1505810631543361,0.1671086367299099,0.5590909090909091,1.0258976404703035,0.29545454545454547,0.5590909090909091
legacy_interval_step,20,0.999,V3,raw,220,220,0.11016142009846933,0.11453993226757127,0.5272727272727272,1.049155001549481,0.24545454545454545,0.5272727272727272
legacy_interval_step,20,0.999,V3,normalized,220,220,0.13746522496212762,0.13910392588877682,0.5318181818181819,1.0374390862324023,0.2590909090909091,0.5318181818181819
legacy_interval_step,20,0.9999,V0,raw,260,235,0.08617545630839919,0.1639405944899774,0.6382978723404256,1.0780782873455477,0.23076923076923078,0.5769230769230769
legacy_interval_step,20,0.9999,V0,normalized,260,235,0.08321596820590124,0.15992923683307952,0.49361702127659574,1.0745467744249269,0.22692307692307692,0.4461538461538462
legacy_interval_step,20,0.9999,V1,raw,260,235,0.08613241181471454,0.1638961361998319,0.6382978723404256,1.0781019347177487,0.23076923076923078,0.5769230769230769
legacy_interval_step,20,0.9999,V1,normalized,260,235,0.08317267492734601,0.16005321272091033,0.49361702127659574,1.0745671516094317,0.22692307692307692,0.4461538461538462
legacy_interval_step,20,0.9999,V2,raw,260,235,0.08613238638507033,0.1638869139680934,0.6382978723404256,1.0781019386865986,0.23076923076923078,0.5769230769230769
legacy_interval_step,20,0.9999,V2,normalized,260,235,0.08317264069611872,0.16005321272091033,0.49361702127659574,1.0745671589987227,0.22692307692307692,0.4461538461538462
legacy_interval_step,20,0.9999,V3,raw,260,235,0.09331579914649411,0.16363515326183342,0.4553191489361702,1.0840931715068998,0.21923076923076923,0.4115384615384615
legacy_interval_step,20,0.9999,V3,normalized,260,235,0.08762950492118025,0.15915908359049438,0.4340425531914894,1.0801786607873891,0.2076923076923077,0.3923076923076923
legacy_interval_step,50,0.9,V0,raw,300,300,0.22104826417746704,0.23865895989783237,0.5766666666666667,0.9719629288278446,0.36,0.5766666666666667
legacy_interval_step,50,0.9,V0,normalized,300,300,0.2116366758981979,0.24398147530916212,0.58,0.9825207862444887,0.3566666666666667,0.58
legacy_interval_step,50,0.9,V1,raw,300,300,0.22099242674907815,0.23842562345334586,0.5766666666666667,0.9719898320977245,0.36,0.5766666666666667
legacy_interval_step,50,0.9,V1,normalized,300,300,0.21157689669679725,0.24400369782768463,0.58,0.9825377643561979,0.3566666666666667,0.58
legacy_interval_step,50,0.9,V2,raw,300,300,0.22099240656132435,0.23842562345334586,0.5766666666666667,0.9719898566103342,0.36,0.5766666666666667
legacy_interval_step,50,0.9,V2,normalized,300,300,0.21157687959240012,0.24400369782768463,0.58,0.9825377897203564,0.3566666666666667,0.58
legacy_interval_step,50,0.9,V3,raw,300,300,0.2062238312333653,0.2037362720396858,0.5533333333333333,0.9718466377227738,0.32666666666666666,0.5533333333333333
legacy_interval_step,50,0.9,V3,normalized,300,300,0.19670635663698227,0.20780299292930773,0.5566666666666666,0.9874128483672473,0.31,0.5566666666666666
legacy_interval_step,50,0.99,V0,raw,220,220,0.053929228421409396,-0.003883171263676594,0.5590909090909091,1.0968275230923745,0.25,0.5590909090909091
legacy_interval_step,50,0.99,V0,normalized,220,220,0.04628107697591633,-0.012517888035308643,0.44545454545454544,1.110417134887039,0.2318181818181818,0.44545454545454544
legacy_interval_step,50,0.99,V1,raw,220,220,0.05394078284301522,-0.0038414712675204385,0.5590909090909091,1.0968178884113073,0.25,0.5590909090909091
legacy_interval_step,50,0.99,V1,normalized,220,220,0.046295362427602224,-0.012684124506471696,0.44545454545454544,1.1104056226815286,0.2318181818181818,0.44545454545454544
legacy_interval_step,50,0.99,V2,raw,220,220,0.05394080340219745,-0.0038414712675204385,0.5590909090909091,1.0968178825845267,0.25,0.5590909090909091
legacy_interval_step,50,0.99,V2,normalized,220,220,0.04629538586037082,-0.012684124506471696,0.44545454545454544,1.1104055956878824,0.2318181818181818,0.44545454545454544
legacy_interval_step,50,0.99,V3,raw,220,220,0.10825332533651032,0.060170276886024616,0.509090909090909,1.0559307172756982,0.2681818181818182,0.509090909090909
legacy_interval_step,50,0.99,V3,normalized,220,220,0.10364095013906519,0.048452014452683344,0.5136363636363637,1.0651081973400645,0.2590909090909091,0.5136363636363637
legacy_interval_step,50,0.999,V0,raw,220,220,0.12726928781407176,0.14811087381595037,0.6090909090909091,1.0346501698131616,0.2681818181818182,0.6090909090909091
legacy_interval_step,50,0.999,V0,normalized,220,220,0.15061379492863483,0.16695423834827539,0.5590909090909091,1.0258788605014266,0.29545454545454547,0.5590909090909091
legacy_interval_step,50,0.999,V1,raw,220,220,0.12723259919401034,0.1479485864659112,0.6090909090909091,1.0346786453606698,0.2681818181818182,0.6090909090909091
legacy_interval_step,50,0.999,V1,normalized,220,220,0.15058106546147978,0.16706130291948182,0.5590909090909091,1.0258976436107898,0.29545454545454547,0.5590909090909091
legacy_interval_step,50,0.999,V2,raw,220,220,0.12723260912373266,0.1479485864659112,0.6090909090909091,1.0346786371557268,0.2681818181818182,0.6090909090909091
legacy_interval_step,50,0.999,V2,normalized,220,220,0.1505810631543363,0.16706130291948182,0.5590909090909091,1.025897640470303,0.29545454545454547,0.5590909090909091
legacy_interval_step,50,0.999,V3,raw,220,220,0.11016142009846978,0.11450499540749338,0.5272727272727272,1.0491550015494808,0.24545454545454545,0.5272727272727272
legacy_interval_step,50,0.999,V3,normalized,220,220,0.13746522496212818,0.13907011602418531,0.5318181818181819,1.037439086232402,0.2590909090909091,0.5318181818181819
legacy_interval_step,50,0.9999,V0,raw,260,235,0.08617545630839918,0.1639405944899774,0.6382978723404256,1.0780782873455468,0.23076923076923078,0.5769230769230769
legacy_interval_step,50,0.9999,V0,normalized,260,235,0.0832159682059011,0.15992923683307952,0.49361702127659574,1.0745467744249264,0.22692307692307692,0.4461538461538462
legacy_interval_step,50,0.9999,V1,raw,260,235,0.08613241181471447,0.1638961361998319,0.6382978723404256,1.0781019347177483,0.23076923076923078,0.5769230769230769
legacy_interval_step,50,0.9999,V1,normalized,260,235,0.08317267492734584,0.16005321272091033,0.49361702127659574,1.074567151609431,0.22692307692307692,0.4461538461538462
legacy_interval_step,50,0.9999,V2,raw,260,235,0.08613238638507029,0.1638869139680934,0.6382978723404256,1.0781019386865982,0.23076923076923078,0.5769230769230769
legacy_interval_step,50,0.9999,V2,normalized,260,235,0.08317264069611865,0.16005321272091033,0.49361702127659574,1.0745671589987222,0.22692307692307692,0.4461538461538462
legacy_interval_step,50,0.9999,V3,raw,260,235,0.09331579914649415,0.16363515326183342,0.4553191489361702,1.0840931715068993,0.21923076923076923,0.4115384615384615
legacy_interval_step,50,0.9999,V3,normalized,260,235,0.0876295049211803,0.15915908359049438,0.4340425531914894,1.0801786607873887,0.2076923076923077,0.3923076923076923
production_smdp,5,0.9,V0,raw,300,300,0.2171773198777599,0.23053434690583574,0.5866666666666667,0.9775983300310372,0.3566666666666667,0.5866666666666667
production_smdp,5,0.9,V0,normalized,300,300,0.20939363793316965,0.23560486740812606,0.59,0.9869048012047248,0.35333333333333333,0.59
production_smdp,5,0.9,V1,raw,300,300,0.21712389050332234,0.23030412123022664,0.5866666666666667,0.9776315592675197,0.3566666666666667,0.5866666666666667
production_smdp,5,0.9,V1,normalized,300,300,0.20933504746011417,0.23563353450479935,0.59,0.9869322616625095,0.35333333333333333,0.59
production_smdp,5,0.9,V2,raw,300,300,0.2171238700858678,0.23030412123022664,0.5866666666666667,0.9776315832984898,0.3566666666666667,0.5866666666666667
production_smdp,5,0.9,V2,normalized,300,300,0.2093350323640596,0.23563353450479935,0.59,0.9869322829088816,0.35333333333333333,0.59
production_smdp,5,0.9,V3,raw,300,300,0.20490494042566318,0.2039788374618821,0.5633333333333334,0.9761600552632782,0.32666666666666666,0.5633333333333334
production_smdp,5,0.9,V3,normalized,300,300,0.1964596348918297,0.20692865948701264,0.5666666666666667,0.9899033061527919,0.31666666666666665,0.5666666666666667
production_smdp,5,0.99,V0,raw,220,220,0.05698918136137351,-0.007171326869044506,0.5545454545454546,1.1005614855811492,0.2409090909090909,0.5545454545454546
production_smdp,5,0.99,V0,normalized,220,220,0.05116833215748901,-0.016873411947178972,0.45,1.111030540471314,0.22727272727272727,0.45
production_smdp,5,0.99,V1,raw,220,220,0.056997898371014176,-0.0071420239461158315,0.5545454545454546,1.1005455791076202,0.2409090909090909,0.5545454545454546
production_smdp,5,0.99,V1,normalized,220,220,0.05118074282320804,-0.017027815810303146,0.45,1.111016446908761,0.22727272727272727,0.45
production_smdp,5,0.99,V2,raw,220,220,0.056997914276664174,-0.0071420239461158315,0.5545454545454546,1.1005455685353014,0.2409090909090909,0.5545454545454546
production_smdp,5,0.99,V2,normalized,220,220,0.051180761951626096,-0.017027815810303146,0.45,1.111016427877622,0.22727272727272727,0.45
production_smdp,5,0.99,V3,raw,220,220,0.10658333012702904,0.060153829112831514,0.5136363636363637,1.051915483361591,0.2772727272727273,0.5136363636363637
production_smdp,5,0.99,V3,normalized,220,220,0.1044838941330683,0.04525780094558946,0.5181818181818182,1.0606675131766041,0.2727272727272727,0.5181818181818182
production_smdp,5,0.999,V0,raw,220,220,0.14991820310869156,0.16374793618951555,0.6227272727272727,1.0285245666110023,0.29545454545454547,0.6227272727272727
production_smdp,5,0.999,V0,normalized,220,220,0.17209027714728645,0.18746893718690655,0.5636363636363636,1.0195809392543567,0.2863636363636364,0.5636363636363636
production_smdp,5,0.999,V1,raw,220,220,0.1498753474563159,0.1636656655190096,0.6227272727272727,1.0285512166936552,0.29545454545454547,0.6227272727272727
production_smdp,5,0.999,V1,normalized,220,220,0.17205241212552783,0.18755458884387166,0.5636363636363636,1.0196103263186262,0.2863636363636364,0.5636363636363636
production_smdp,5,0.999,V2,raw,220,220,0.1498753552067166,0.1636656655190096,0.6227272727272727,1.028551202945228,0.29545454545454547,0.6227272727272727
production_smdp,5,0.999,V2,normalized,220,220,0.17205240493313034,0.18755458884387166,0.5636363636363636,1.0196103296624508,0.2863636363636364,0.5636363636363636
production_smdp,5,0.999,V3,raw,220,220,0.12413436614053992,0.1218169421231468,0.5409090909090909,1.0521197397265194,0.2590909090909091,0.5409090909090909
production_smdp,5,0.999,V3,normalized,220,220,0.15142787074965666,0.15299639924942102,0.5363636363636364,1.0332562441514765,0.2590909090909091,0.5363636363636364
production_smdp,5,0.9999,V0,raw,260,235,0.10206715891675545,0.1575971287260426,0.6297872340425532,1.0677993981558447,0.2153846153846154,0.5692307692307692
production_smdp,5,0.9999,V0,normalized,260,235,0.10081846892456948,0.1550928375785009,0.502127659574468,1.0625698571084308,0.21153846153846154,0.45384615384615384
production_smdp,5,0.9999,V1,raw,260,235,0.10202586775884842,0.15755502488622772,0.6297872340425532,1.0678273123817825,0.2153846153846154,0.5692307692307692
production_smdp,5,0.9999,V1,normalized,260,235,0.10077741996355342,0.15522227799038843,0.502127659574468,1.0625918402663406,0.21153846153846154,0.45384615384615384
production_smdp,5,0.9999,V2,raw,260,235,0.10202584502107738,0.15754580265291368,0.6297872340425532,1.0678273178703062,0.2153846153846154,0.5692307692307692
production_smdp,5,0.9999,V2,normalized,260,235,0.10077738568678937,0.15522227799038843,0.502127659574468,1.0625918528590128,0.21153846153846154,0.45384615384615384
production_smdp,5,0.9999,V3,raw,260,235,0.11441227815779101,0.1653641788866315,0.46382978723404256,1.071262848462616,0.21923076923076923,0.41923076923076924
production_smdp,5,0.9999,V3,normalized,260,235,0.11139945306404074,0.1631338535612985,0.4425531914893617,1.0650097850714557,0.2076923076923077,0.4
production_smdp,10,0.9,V0,raw,300,300,0.2198637879834116,0.24077931740478478,0.59,0.9731681411622769,0.3566666666666667,0.59
production_smdp,10,0.9,V0,normalized,300,300,0.21301609128701102,0.24556316109331483,0.5866666666666667,0.9817637378046933,0.35333333333333333,0.5866666666666667
production_smdp,10,0.9,V1,raw,300,300,0.21981338402914663,0.24055153648869135,0.59,0.9731971728885704,0.3566666666666667,0.59
production_smdp,10,0.9,V1,normalized,300,300,0.21296041913618424,0.24559271705608599,0.5866666666666667,0.9817882313979827,0.35333333333333333,0.5866666666666667
production_smdp,10,0.9,V2,raw,300,300,0.21981336565774937,0.24055153648869135,0.59,0.9731971959901823,0.3566666666666667,0.59
production_smdp,10,0.9,V2,normalized,300,300,0.212960403896304,0.24559271705608599,0.5866666666666667,0.9817882563853627,0.35333333333333333,0.5866666666666667
production_smdp,10,0.9,V3,raw,300,300,0.21021173804145768,0.2151896315023547,0.5666666666666667,0.9681471899753431,0.32666666666666666,0.5666666666666667
production_smdp,10,0.9,V3,normalized,300,300,0.20282845528896215,0.2178523348551659,0.57,0.9815549732150359,0.31666666666666665,0.57
production_smdp,10,0.99,V0,raw,220,220,0.04984206527436511,-0.011533045234076784,0.5545454545454546,1.1036126801262425,0.24545454545454545,0.5545454545454546
production_smdp,10,0.99,V0,normalized,220,220,0.04374791693006139,-0.0211782911163429,0.45,1.1140626383041594,0.2318181818181818,0.45
production_smdp,10,0.99,V1,raw,220,220,0.04985190149892871,-0.011505996168737407,0.5545454545454546,1.1035967736527135,0.24545454545454545,0.5545454545454546
production_smdp,10,0.99,V1,normalized,220,220,0.04376095756469982,-0.02132875154229318,0.45,1.1140502402233226,0.2318181818181818,0.45
production_smdp,10,0.99,V2,raw,220,220,0.049851919591895374,-0.011505996168737407,0.5545454545454546,1.1035967630803947,0.24545454545454545,0.5545454545454546
production_smdp,10,0.99,V2,normalized,220,220,0.04376097872393644,-0.02132875154229318,0.45,1.1140502196847373,0.2318181818181818,0.45
production_smdp,10,0.99,V3,raw,220,220,0.10254042474814463,0.054213652728640524,0.5045454545454545,1.0523829631793655,0.2727272727272727,0.5045454545454545
production_smdp,10,0.99,V3,normalized,220,220,0.09979974953293357,0.03933103157003758,0.509090909090909,1.0615126784781517,0.2681818181818182,0.509090909090909
production_smdp,10,0.999,V0,raw,220,220,0.1494449360582004,0.16640881941836969,0.6272727272727273,1.026436608323325,0.29545454545454547,0.6272727272727273
production_smdp,10,0.999,V0,normalized,220,220,0.17044929288665184,0.18693817498244739,0.5681818181818182,1.0196339463642656,0.2909090909090909,0.5681818181818182
production_smdp,10,0.999,V1,raw,220,220,0.14940531565461596,0.16632767572048796,0.6272727272727273,1.0264632584059779,0.29545454545454547,0.6272727272727273
production_smdp,10,0.999,V1,normalized,220,220,0.1704142858461052,0.18702495365934868,0.5681818181818182,1.0196539501201243,0.2909090909090909,0.5681818181818182
production_smdp,10,0.999,V2,raw,220,220,0.14940532349317645,0.16632767572048796,0.6272727272727273,1.0264632446575506,0.29545454545454547,0.6272727272727273
production_smdp,10,0.999,V2,normalized,220,220,0.1704142791442122,0.18702495365934868,0.5681818181818182,1.0196539500770156,0.2909090909090909,0.5681818181818182
production_smdp,10,0.999,V3,raw,220,220,0.12708059581817965,0.1295521121451036,0.5454545454545454,1.04979719202351,0.2545454545454545,0.5454545454545454
production_smdp,10,0.999,V3,normalized,220,220,0.15274607291666314,0.157112794529794,0.5409090909090909,1.031157583413591,0.2590909090909091,0.5409090909090909
production_smdp,10,0.9999,V0,raw,260,235,0.10073628232069172,0.15809582301066397,0.6297872340425532,1.0678742308471096,0.2153846153846154,0.5692307692307692
production_smdp,10,0.9999,V0,normalized,260,235,0.09878908211692597,0.155346936962259,0.502127659574468,1.0635544200445162,0.21153846153846154,0.45384615384615384
production_smdp,10,0.9999,V1,raw,260,235,0.10069322510282985,0.15805370861357884,0.6297872340425532,1.0679001903511003,0.2153846153846154,0.5692307692307692
production_smdp,10,0.9999,V1,normalized,260,235,0.09874608145802985,0.15547637737414655,0.502127659574468,1.0635777098028947,0.21153846153846154,0.45384615384615384
production_smdp,10,0.9999,V2,raw,260,235,0.10069320093054478,0.1580444863802648,0.6297872340425532,1.0679001953480827,0.2153846153846154,0.5692307692307692
production_smdp,10,0.9999,V2,normalized,260,235,0.09874604564207719,0.15547637737414655,0.502127659574468,1.063577719498003,0.21153846153846154,0.45384615384615384
production_smdp,10,0.9999,V3,raw,260,235,0.11148464870055416,0.16527810472372867,0.46382978723404256,1.071146340716914,0.21923076923076923,0.41923076923076924
production_smdp,10,0.9999,V3,normalized,260,235,0.10759713901863448,0.16278275925148214,0.4425531914893617,1.0655166101362963,0.2076923076923077,0.4
production_smdp,20,0.9,V0,raw,300,300,0.2192663058597341,0.23974982758197919,0.59,0.9734659179536478,0.35,0.59
production_smdp,20,0.9,V0,normalized,300,300,0.21284215256154135,0.24479789881589598,0.5866666666666667,0.9824400126418443,0.3466666666666667,0.5866666666666667
production_smdp,20,0.9,V1,raw,300,300,0.21921711018323978,0.239523602167464,0.59,0.9734928288398176,0.35,0.59
production_smdp,20,0.9,V1,normalized,300,300,0.21278754322476837,0.24482701033780319,0.5866666666666667,0.9824645062351339,0.3466666666666667,0.5866666666666667
production_smdp,20,0.9,V2,raw,300,300,0.2192170916465473,0.239523602167464,0.59,0.9734928545599977,0.35,0.59
production_smdp,20,0.9,V2,normalized,300,300,0.21278752756192895,0.24482701033780319,0.5866666666666667,0.9824645312225141,0.3466666666666667,0.5866666666666667
production_smdp,20,0.9,V3,raw,300,300,0.21052980905301819,0.21401101993424437,0.5666666666666667,0.9672372259706068,0.32,0.5666666666666667
production_smdp,20,0.9,V3,normalized,300,300,0.20356678486256785,0.21674616964136917,0.57,0.9806818597565571,0.31,0.57
production_smdp,20,0.99,V0,raw,220,220,0.04952873560376435,-0.012442692767379731,0.5545454545454546,1.1029629878680987,0.24545454545454545,0.5545454545454546
production_smdp,20,0.99,V0,normalized,220,220,0.043289153175095796,-0.022264981487281395,0.45,1.1139061345730064,0.2318181818181818,0.45
production_smdp,20,0.99,V1,raw,220,220,0.049539223989069216,-0.012395356436199483,0.5545454545454546,1.1029470813945699,0.24545454545454545,0.5545454545454546
production_smdp,20,0.99,V1,normalized,220,220,0.04330282136735345,-0.022394029342522787,0.45,1.1138873986220208,0.2318181818181818,0.45
production_smdp,20,0.99,V2,raw,220,220,0.04953924232705889,-0.012395356436199483,0.5545454545454546,1.102947070822251,0.24545454545454545,0.5545454545454546
production_smdp,20,0.99,V2,normalized,220,220,0.04330284269837618,-0.022394029342522787,0.45,1.1138873764418942,0.2318181818181818,0.45
production_smdp,20,0.99,V3,raw,220,220,0.10318628058711324,0.054851537282865646,0.5045454545454545,1.0517698217532654,0.2727272727272727,0.5045454545454545
production_smdp,20,0.99,V3,normalized,220,220,0.10022874496497254,0.03958500694948321,0.509090909090909,1.060891186342176,0.2681818181818182,0.509090909090909
production_smdp,20,0.999,V0,raw,220,220,0.14925865723924972,0.16496682828726314,0.6272727272727273,1.0268625872812898,0.2909090909090909,0.6272727272727273
production_smdp,20,0.999,V0,normalized,220,220,0.17044909855970278,0.18609405512531663,0.5681818181818182,1.0193308419735008,0.2863636363636364,0.5681818181818182
production_smdp,20,0.999,V1,raw,220,220,0.14921874119601247,0.1648856845893814,0.6272727272727273,1.0268892373639427,0.2909090909090909,0.6272727272727273
production_smdp,20,0.999,V1,normalized,220,220,0.17041383753483577,0.18618083380221792,0.5681818181818182,1.0193508457293594,0.2863636363636364,0.5681818181818182
production_smdp,20,0.999,V2,raw,220,220,0.14921874911060745,0.1648856845893814,0.6272727272727273,1.0268892236155152,0.2909090909090909,0.6272727272727273
production_smdp,20,0.999,V2,normalized,220,220,0.17041383081494735,0.18618083380221792,0.5681818181818182,1.0193508456862506,0.2863636363636364,0.5681818181818182
production_smdp,20,0.999,V3,raw,220,220,0.12661713593955015,0.12746998739737447,0.5454545454545454,1.05020281389523,0.2545454545454545,0.5454545454545454
production_smdp,20,0.999,V3,normalized,220,220,0.1525067392707295,0.15568827183364808,0.5409090909090909,1.0315773711895064,0.2545454545454545,0.5409090909090909
production_smdp,20,0.9999,V0,raw,260,235,0.10092029516975944,0.15812793072487932,0.6297872340425532,1.0678429418608835,0.2153846153846154,0.5692307692307692
production_smdp,20,0.9999,V0,normalized,260,235,0.09899249673022151,0.15538040704237768,0.502127659574468,1.0635335645203616,0.21153846153846154,0.45384615384615384
production_smdp,20,0.9999,V1,raw,260,235,0.10087733602908604,0.15808581564807953,0.6297872340425532,1.0678689013648743,0.2153846153846154,0.5692307692307692
production_smdp,20,0.9999,V1,normalized,260,235,0.09894960516549363,0.15550984745426522,0.502127659574468,1.0635568542787404,0.21153846153846154,0.45384615384615384
production_smdp,20,0.9999,V2,raw,260,235,0.10087731193455224,0.15807659341476551,0.6297872340425532,1.0678689063618567,0.2153846153846154,0.5692307692307692
production_smdp,20,0.9999,V2,normalized,260,235,0.09894956944794726,0.15550984745426522,0.502127659574468,1.0635568639738486,0.21153846153846154,0.45384615384615384
production_smdp,20,0.9999,V3,raw,260,235,0.11178909560595142,0.1653327549858892,0.46382978723404256,1.0711208115428208,0.21923076923076923,0.41923076923076924
production_smdp,20,0.9999,V3,normalized,260,235,0.10792867206059664,0.16283808734310692,0.4425531914893617,1.065478655924397,0.2076923076923077,0.4
production_smdp,50,0.9,V0,raw,300,300,0.219266305859734,0.24006238313166747,0.59,0.9734659179536476,0.35,0.59
production_smdp,50,0.9,V0,normalized,300,300,0.21284215256154132,0.24515379057329487,0.5866666666666667,0.9824400126418443,0.3466666666666667,0.5866666666666667
production_smdp,50,0.9,V1,raw,300,300,0.2192171101832397,0.239835935391149,0.59,0.9734928288398175,0.35,0.59
production_smdp,50,0.9,V1,normalized,300,300,0.2127875432247684,0.2451840132354249,0.5866666666666667,0.9824645062351339,0.3466666666666667,0.5866666666666667
production_smdp,50,0.9,V2,raw,300,300,0.21921709164654724,0.239835935391149,0.59,0.9734928545599977,0.35,0.59
production_smdp,50,0.9,V2,normalized,300,300,0.2127875275619289,0.2451840132354249,0.5866666666666667,0.9824645312225141,0.3466666666666667,0.5866666666666667
production_smdp,50,0.9,V3,raw,300,300,0.2105298090530182,0.2142966747639817,0.5666666666666667,0.9672372259706068,0.32,0.5666666666666667
production_smdp,50,0.9,V3,normalized,300,300,0.20356678486256755,0.21709293768738083,0.57,0.9806818597565571,0.31,0.57
production_smdp,50,0.99,V0,raw,220,220,0.0495287356037643,-0.013629439968092476,0.5545454545454546,1.1029629878680984,0.24545454545454545,0.5545454545454546
production_smdp,50,0.99,V0,normalized,220,220,0.043289153175095615,-0.023215017320993042,0.45,1.1139061345730064,0.2318181818181818,0.45
production_smdp,50,0.99,V1,raw,220,220,0.049539223989069195,-0.01358266730963917,0.5545454545454546,1.1029470813945699,0.24545454545454545,0.5545454545454546
production_smdp,50,0.99,V1,normalized,220,220,0.043302821367353285,-0.023342374198227347,0.45,1.1138873986220208,0.2318181818181818,0.45
production_smdp,50,0.99,V2,raw,220,220,0.04953924232705882,-0.01358266730963917,0.5545454545454546,1.1029470708222506,0.24545454545454545,0.5545454545454546
production_smdp,50,0.99,V2,normalized,220,220,0.04330284269837602,-0.023342374198227347,0.45,1.1138873764418942,0.2318181818181818,0.45
production_smdp,50,0.99,V3,raw,220,220,0.1031862805871135,0.054126672824579614,0.5045454545454545,1.0517698217532652,0.2727272727272727,0.5045454545454545
production_smdp,50,0.99,V3,normalized,220,220,0.10022874496497262,0.03901741356614516,0.509090909090909,1.060891186342176,0.2681818181818182,0.509090909090909
production_smdp,50,0.999,V0,raw,220,220,0.14925865723924997,0.16487554162714618,0.6272727272727273,1.0268625872812898,0.2909090909090909,0.6272727272727273
production_smdp,50,0.999,V0,normalized,220,220,0.17044909855970308,0.18598248254072924,0.5681818181818182,1.0193308419735005,0.2863636363636364,0.5681818181818182
production_smdp,50,0.999,V1,raw,220,220,0.14921874119601283,0.16479439792926445,0.6272727272727273,1.0268892373639427,0.2909090909090909,0.6272727272727273
production_smdp,50,0.999,V1,normalized,220,220,0.17041383753483602,0.18606926121763057,0.5681818181818182,1.0193508457293594,0.2863636363636364,0.5681818181818182
production_smdp,50,0.999,V2,raw,220,220,0.14921874911060773,0.16479439792926445,0.6272727272727273,1.0268892236155154,0.2909090909090909,0.6272727272727273
production_smdp,50,0.999,V2,normalized,220,220,0.17041383081494757,0.18606926121763057,0.5681818181818182,1.0193508456862506,0.2863636363636364,0.5681818181818182
production_smdp,50,0.999,V3,raw,220,220,0.12661713593955054,0.12739053419319862,0.5454545454545454,1.0502028138952293,0.2545454545454545,0.5454545454545454
production_smdp,50,0.999,V3,normalized,220,220,0.1525067392707299,0.15560543764206047,0.5409090909090909,1.031577371189506,0.2545454545454545,0.5409090909090909
production_smdp,50,0.9999,V0,raw,260,235,0.10092029516975944,0.15812793072487932,0.6297872340425532,1.0678429418608837,0.2153846153846154,0.5692307692307692
production_smdp,50,0.9999,V0,normalized,260,235,0.09899249673022156,0.15538040704237768,0.502127659574468,1.0635335645203616,0.21153846153846154,0.45384615384615384
production_smdp,50,0.9999,V1,raw,260,235,0.10087733602908608,0.15808581564807953,0.6297872340425532,1.0678689013648741,0.2153846153846154,0.5692307692307692
production_smdp,50,0.9999,V1,normalized,260,235,0.09894960516549353,0.15550984745426522,0.502127659574468,1.0635568542787404,0.21153846153846154,0.45384615384615384
production_smdp,50,0.9999,V2,raw,260,235,0.10087731193455231,0.15807659341476551,0.6297872340425532,1.0678689063618567,0.2153846153846154,0.5692307692307692
production_smdp,50,0.9999,V2,normalized,260,235,0.09894956944794733,0.15550984745426522,0.502127659574468,1.0635568639738486,0.21153846153846154,0.45384615384615384
production_smdp,50,0.9999,V3,raw,260,235,0.11178909560595154,0.1653327549858892,0.46382978723404256,1.0711208115428208,0.21923076923076923,0.41923076923076924
production_smdp,50,0.9999,V3,normalized,260,235,0.10792867206059666,0.16283808734310692,0.4425531914893617,1.065478655924397,0.2076923076923077,0.4
