state_id,trial_id,task_id,requirement,load_tertile,safe_set_size,safe_set_empty,effective_set_size,total_backlog_seconds,maximum_backlog_seconds,estimated_min_latency,myopic_action,ppo_sampled_action,ppo_high_probability_action,critic_value,snapshot_digest,state_feature_0,state_feature_1,state_feature_2,state_feature_3,state_feature_4,state_feature_5,state_feature_6,state_feature_7,state_feature_8,state_feature_9,state_feature_10,state_feature_11,state_feature_12,state_feature_13,state_feature_14,state_feature_15,state_feature_16,state_feature_17,state_feature_18,state_feature_19,state_feature_20,state_feature_21,state_feature_22,state_feature_23,state_feature_24,state_feature_25,state_feature_26,state_feature_27,state_feature_28,state_feature_29,state_feature_30,state_feature_31,state_feature_32,state_feature_33,state_feature_34
trial_007_ep1_task002,7,2,0.99,low,27,False,27,0.0,0.0,1.3358726264455616,6,21,27,43.12154006958008,4a0b537fda12bac75d6a3ad50157e820181c5ab6889df87d8a46bf0755254593,1.0,0.7858735918998718,0.6118251085281372,0.3553605377674103,0.2618909776210785,0.12416132539510727,0.07396519929170609,0.0,0.0,0.10000000149011612,0.20000000298023224,0.4000000059604645,0.5,0.699999988079071,0.800000011920929,1.0,0.0,0.0,0.0,0.0,0.0,0.0,0.0,0.0,0.0833333358168602,0.5833333134651184,0.25,0.8333333134651184,0.0,0.5,1.0,0.3333333432674408,0.03841191902756691,0.4000000059604645,0.3333333432674408
trial_007_ep1_task003,7,3,0.9999,low,20,False,20,0.0,0.0,0.6137998375493237,5,6,27,43.12181854248047,3c9b941afee32fb1030cec28b03eeeccae7fd25f0d551ab133966cee7aad84dc,1.0,0.7858735918998718,0.6118251085281372,0.3553605377674103,0.2618909776210785,0.12416132539510727,0.07396519929170609,0.0,0.0,0.10000000149011612,0.20000000298023224,0.4000000059604645,0.5,0.699999988079071,0.800000011920929,1.0,0.0,0.0,0.0,0.0,0.0,0.0,0.0,0.0,0.0833333358168602,0.5833333134651184,0.25,0.8333333134651184,0.0,0.5,1.0,0.3333333432674408,0.41636982560157776,0.04444444552063942,1.0
trial_007_ep1_task004,7,4,0.9,low,28,False,28,0.0,0.0,2.6405909250798056,6,18,27,43.12185287475586,1a36873ac7657b3f69f05ac210d61a0f45398234b8c4804d356420d307d88106,1.0,0.7858735918998718,0.6118251085281372,0.3553605377674103,0.2618909776210785,0.12416132539510727,0.07396519929170609,0.0,0.0,0.10000000149011612,0.20000000298023224,0.4000000059604645,0.5,0.699999988079071,0.800000011920929,1.0,0.0,0.0,0.0,0.0,0.0,0.0,0.0,0.0,0.0833333358168602,0.5833333134651184,0.25,0.8333333134651184,0.0,0.5,1.0,0.3333333432674408,0.7478485107421875,0.8222222328186035,0.0
trial_007_ep1_task006,7,6,0.99,high,25,False,25,3.5328635358497467,1.8916779867081255,2.4555854079828174,6,26,27,43.12199401855469,31be999d00bc964d86790be6f294f92cf4bc67ec9fc9a4866eda7d6133726ffa,1.0,0.7858735918998718,0.6118251085281372,0.3553605377674103,0.2618909776210785,0.12416132539510727,0.07396519929170609,0.0,0.0,0.10000000149011612,0.20000000298023224,0.4000000059604645,0.5,0.699999988079071,0.800000011920929,1.0,0.0,0.0,0.0,0.2909291982650757,0.32107627391815186,0.0,0.0,0.0,0.0833333358168602,0.5833333134651184,0.25,0.8333333134651184,0.0,0.5,1.0,0.3333333432674408,0.27783748507499695,0.8444444537162781,0.3333333432674408
trial_007_ep1_task007,7,7,0.9,low,28,False,28,0.0,0.0,1.9252442939352221,6,13,27,43.121639251708984,aa162bceb64b42419a31303e93df42c5dbe4f2d38736129ff31f9fe9b364ea25,1.0,0.7858735918998718,0.6118251085281372,0.3553605377674103,0.2618909776210785,0.12416132539510727,0.07396519929170609,0.0,0.0,0.10000000149011612,0.20000000298023224,0.4000000059604645,0.5,0.699999988079071,0.800000011920929,1.0,0.0,0.0,0.0,0.0,0.0,0.0,0.0,0.0,0.0833333358168602,0.5833333134651184,0.25,0.8333333134651184,0.0,0.5,1.0,0.3333333432674408,0.41715526580810547,0.5777778029441833,0.0
trial_007_ep1_task008,7,8,0.9999,medium,12,False,12,2.1443828580517175,1.336312513020777,1.387930395751556,6,27,27,43.121978759765625,a165776404860bb80a80f4a5f43a2c41742b575a761a4bf36add482caf592d2b,1.0,0.7858735918998718,0.6118251085281372,0.3553605377674103,0.2618909776210785,0.12416132539510727,0.07396519929170609,0.0,0.0,0.10000000149011612,0.20000000298023224,0.4000000059604645,0.5,0.699999988079071,0.800000011920929,1.0,0.0,0.0,0.2504187226295471,0.1680654138326645,0.0,0.0,0.0,0.0,0.0833333358168602,0.5833333134651184,0.25,0.8333333134651184,0.0,0.5,1.0,0.3333333432674408,0.24252745509147644,0.3777777850627899,1.0
trial_007_ep1_task015,7,15,0.999,medium,27,False,27,0.0012580335307170731,0.0012580335307170731,0.4936840707941078,5,20,27,43.12150192260742,7ae17a6dc8ffbdf84e4d7330728b13ab1370a76f189a084ed5985fc5d855e195,1.0,0.7858735918998718,0.6118251085281372,0.3553605377674103,0.2618909776210785,0.12416132539510727,0.07396519929170609,0.0,0.0,0.10000000149011612,0.20000000298023224,0.4000000059604645,0.5,0.699999988079071,0.800000011920929,1.0,0.0,0.0,0.0,0.0,0.0,0.000314409495331347,0.0,0.0,0.0833333358168602,0.5833333134651184,0.25,0.8333333134651184,0.0,0.5,1.0,0.3333333432674408,0.015983939170837402,0.04444444552063942,0.6666666865348816
trial_007_ep1_task017,7,17,0.99,low,27,False,27,0.0,0.0,1.077977382891575,5,22,27,43.121726989746094,e91504713e8b32c5dfba30ef45b30c580eb15631760d3cdcc31c2a0bd507346e,1.0,0.7858735918998718,0.6118251085281372,0.3553605377674103,0.2618909776210785,0.12416132539510727,0.07396519929170609,0.0,0.0,0.10000000149011612,0.20000000298023224,0.4000000059604645,0.5,0.699999988079071,0.800000011920929,1.0,0.0,0.0,0.0,0.0,0.0,0.0,0.0,0.0,0.0833333358168602,0.5833333134651184,0.25,0.8333333134651184,0.0,0.5,1.0,0.3333333432674408,0.6673319935798645,0.20000000298023224,0.3333333432674408
trial_007_ep1_task020,7,20,0.9999,high,13,False,13,10.130247223926101,2.738027742700459,1.2739384922129915,16,6,27,43.12221145629883,7ad45c3235c8c242102382088823aa13327898582bde825565ef7d7a8189b3f3,1.0,0.7858735918998718,0.6118251085281372,0.3553605377674103,0.2618909776210785,0.12416132539510727,0.07396519929170609,0.0,0.0,0.10000000149011612,0.20000000298023224,0.4000000059604645,0.5,0.699999988079071,0.800000011920929,1.0,0.0,0.0,0.36544811725616455,0.40635448694229126,0.40028244256973267,0.3768259286880493,0.0,0.0,0.0833333358168602,0.5833333134651184,0.25,0.8333333134651184,0.0,0.5,1.0,0.3333333432674408,0.3946097791194916,0.31111112236976624,1.0
trial_007_ep1_task023,7,23,0.99,medium,28,False,28,1.4633349036625294,1.4633349036625294,0.8120573026969635,5,24,27,43.12171936035156,aa3c35d23b4f2969252bf5668854a9fe66053d54f2fcd2298d38b2f3c63abf8c,1.0,0.7858735918998718,0.6118251085281372,0.3553605377674103,0.2618909776210785,0.12416132539510727,0.07396519929170609,0.0,0.0,0.10000000149011612,0.20000000298023224,0.4000000059604645,0.5,0.699999988079071,0.800000011920929,1.0,0.2678464651107788,0.0,0.0,0.0,0.0,0.0,0.0,0.0,0.0833333358168602,0.5833333134651184,0.25,0.8333333134651184,0.0,0.5,1.0,0.3333333432674408,0.5216724872589111,0.1111111119389534,0.3333333432674408
trial_007_ep1_task025,7,25,0.9999,high,8,False,8,5.2306633560732205,2.9124265711120487,2.0896047368679587,6,15,27,43.12221908569336,c3eb03e72b77904e025cc45c9c0e814d162987b20839864de0f76e895f532f3c,1.0,0.7858735918998718,0.6118251085281372,0.3553605377674103,0.2618909776210785,0.12416132539510727,0.07396519929170609,0.0,0.0,0.10000000149011612,0.20000000298023224,0.4000000059604645,0.5,0.699999988079071,0.800000011920929,1.0,0.10860810428857803,0.4213320016860962,0.0,0.0,0.07662835717201233,0.0,0.2725847661495209,0.0,0.0833333358168602,0.5833333134651184,0.25,0.8333333134651184,0.0,0.5,1.0,0.3333333432674408,0.845876157283783,0.5555555820465088,1.0
trial_007_ep1_task026,7,26,0.9999,low,13,False,13,0.0,0.0,1.3311192699899186,16,23,27,43.12203598022461,87d14f97877961379fc3f790cbdd23cc428f3b441635fd4cc17d833f4e523864,1.0,0.7858735918998718,0.6118251085281372,0.3553605377674103,0.2618909776210785,0.12416132539510727,0.07396519929170609,0.0,0.0,0.10000000149011612,0.20000000298023224,0.4000000059604645,0.5,0.699999988079071,0.800000011920929,1.0,0.0,0.0,0.0,0.0,0.0,0.0,0.0,0.0,0.0833333358168602,0.5833333134651184,0.25,0.8333333134651184,0.0,0.5,1.0,0.3333333432674408,0.9555827379226685,0.2666666805744171,1.0
trial_007_ep1_task028,7,28,0.9,medium,28,False,28,0.6554008852424835,0.6554008852424835,1.2832463335033053,5,26,27,43.12150955200195,54aad1c7cccaa176c211fde64f981ca9ac76621520ffe02439b0bf8c324b872d,1.0,0.7858735918998718,0.6118251085281372,0.3553605377674103,0.2618909776210785,0.12416132539510727,0.07396519929170609,0.0,0.0,0.10000000149011612,0.20000000298023224,0.4000000059604645,0.5,0.699999988079071,0.800000011920929,1.0,0.0,0.0,0.0,0.1407829076051712,0.0,0.0,0.0,0.0,0.0833333358168602,0.5833333134651184,0.25,0.8333333134651184,0.0,0.5,1.0,0.3333333432674408,0.24045073986053467,0.3333333432674408,0.0
trial_007_ep1_task029,7,29,0.99,low,26,False,26,0.0,0.0,2.1759287065420194,5,24,27,43.12187194824219,a220ef21c2f0fd6dbd74f89807a7dbf99faa242952dabd0290947c5ad41c9794,1.0,0.7858735918998718,0.6118251085281372,0.3553605377674103,0.2618909776210785,0.12416132539510727,0.07396519929170609,0.0,0.0,0.10000000149011612,0.20000000298023224,0.4000000059604645,0.5,0.699999988079071,0.800000011920929,1.0,0.0,0.0,0.0,0.0,0.0,0.0,0.0,0.0,0.0833333358168602,0.5833333134651184,0.25,0.8333333134651184,0.0,0.5,1.0,0.3333333432674408,0.6234660744667053,0.644444465637207,0.3333333432674408
trial_007_ep1_task031,7,31,0.999,medium,18,False,18,2.6091430665539685,1.115102478665555,2.035413187479864,6,21,27,43.122066497802734,9ba8d55eda66aa5dd9ecc2b9dca02af11ad4dc87b35e665d752af9a34e6d0a57,1.0,0.7858735918998718,0.6118251085281372,0.3553605377674103,0.2618909776210785,0.12416132539510727,0.07396519929170609,0.0,0.0,0.10000000149011612,0.20000000298023224,0.4000000059604645,0.5,0.699999988079071,0.800000011920929,1.0,0.0,0.0,0.0,0.0,0.1278616338968277,0.21800197660923004,0.18493971228599548,0.0,0.0833333358168602,0.5833333134651184,0.25,0.8333333134651184,0.0,0.5,1.0,0.3333333432674408,0.5374930500984192,0.6000000238418579,0.6666666865348816
trial_007_ep1_task033,7,33,0.99,low,27,False,27,0.0,0.0,1.6895408398628375,5,2,27,43.121822357177734,d4bc106b07b8c3e9d04207adb7d8ffae7bccc7495924091a8bba881a2a089997,1.0,0.7858735918998718,0.6118251085281372,0.3553605377674103,0.2618909776210785,0.12416132539510727,0.07396519929170609,0.0,0.0,0.10000000149011612,0.20000000298023224,0.4000000059604645,0.5,0.699999988079071,0.800000011920929,1.0,0.0,0.0,0.0,0.0,0.0,0.0,0.0,0.0,0.0833333358168602,0.5833333134651184,0.25,0.8333333134651184,0.0,0.5,1.0,0.3333333432674408,0.6688398122787476,0.4444444477558136,0.3333333432674408
trial_007_ep1_task035,7,35,0.99,high,27,False,27,4.721165259151044,2.4714081126483336,1.2894831952670103,6,26,27,43.121826171875,2e5cacb7645fd3220e30467e268af391949b6d0242a248f95d55e5f8a16b5ebd,1.0,0.7858735918998718,0.6118251085281372,0.3553605377674103,0.2618909776210785,0.12416132539510727,0.07396519929170609,0.0,0.0,0.10000000149011612,0.20000000298023224,0.4000000059604645,0.5,0.699999988079071,0.800000011920929,1.0,0.3818964958190918,0.0,0.0,0.26240968704223633,0.0,0.17127515375614166,0.0,0.0,0.0833333358168602,0.5833333134651184,0.25,0.8333333134651184,0.0,0.5,1.0,0.3333333432674408,0.04563305899500847,0.3777777850627899,0.3333333432674408
trial_007_ep1_task036,7,36,0.99,low,27,False,27,0.0,0.0,1.1248436319831598,5,2,27,43.12166213989258,567b277ae2612048594c09d614e154d47aa1a61755bfeae77362a41e7233b5eb,1.0,0.7858735918998718,0.6118251085281372,0.3553605377674103,0.2618909776210785,0.12416132539510727,0.07396519929170609,0.0,0.0,0.10000000149011612,0.20000000298023224,0.4000000059604645,0.5,0.699999988079071,0.800000011920929,1.0,0.0,0.0,0.0,0.0,0.0,0.0,0.0,0.0,0.0833333358168602,0.5833333134651184,0.25,0.8333333134651184,0.0,0.5,1.0,0.3333333432674408,0.45318248867988586,0.24444444477558136,0.3333333432674408
trial_007_ep1_task040,7,40,0.9,medium,28,False,28,0.34509239253125656,0.34509239253125656,2.607897259090203,6,9,27,43.12179946899414,ac4f61b1b1d34c0e07995a17370234791d099405860ada0cf8cc856d47d0df2b,1.0,0.7858735918998718,0.6118251085281372,0.3553605377674103,0.2618909776210785,0.12416132539510727,0.07396519929170609,0.0,0.0,0.10000000149011612,0.20000000298023224,0.4000000059604645,0.5,0.699999988079071,0.800000011920929,1.0,0.0,0.0,0.07942118495702744,0.0,0.0,0.0,0.0,0.0,0.0833333358168602,0.5833333134651184,0.25,0.8333333134651184,0.0,0.5,1.0,0.3333333432674408,0.48246118426322937,0.8666666746139526,0.0
trial_007_ep1_task041,7,41,0.999,high,27,False,27,4.01204563092406,2.3965921081137935,0.5401616818619747,5,23,27,43.12184524536133,22cb5096e9fcfc7c75c24e07f5a8ddf89bc21bdeb3244279425ff24595ce3230,1.0,0.7858735918998718,0.6118251085281372,0.3553605377674103,0.2618909776210785,0.12416132539510727,0.07396519929170609,0.0,0.0,0.10000000149011612,0.20000000298023224,0.4000000059604645,0.5,0.699999988079071,0.800000011920929,1.0,0.0,0.3746670186519623,0.0,0.0,0.2876799702644348,0.0,0.0,0.0,0.0833333358168602,0.5833333134651184,0.25,0.8333333134651184,0.0,0.5,1.0,0.3333333432674408,0.35609450936317444,0.02222222276031971,0.6666666865348816
trial_007_ep1_task043,7,43,0.99,medium,27,False,27,0.37196885979317895,0.37196885979317895,1.048918165206206,5,27,27,43.121585845947266,278a66db545d17b44a2da2c7fc2efea1234767f6c0d6ade4adee56b71c9a5d73,1.0,0.7858735918998718,0.6118251085281372,0.3553605377674103,0.2618909776210785,0.12416132539510727,0.07396519929170609,0.0,0.0,0.10000000149011612,0.20000000298023224,0.4000000059604645,0.5,0.699999988079071,0.800000011920929,1.0,0.0,0.0,0.0,0.08508040010929108,0.0,0.0,0.0,0.0,0.0833333358168602,0.5833333134651184,0.25,0.8333333134651184,0.0,0.5,1.0,0.3333333432674408,0.20009759068489075,0.24444444477558136,0.3333333432674408
trial_007_ep1_task045,7,45,0.9,high,28,False,28,6.737765281961361,3.45919803180518,0.5096399941043217,5,26,27,43.12165069580078,013623f5c5dfddbe05eeea23217fb0a6a6e946b064499fb24366b2ea8932520b,1.0,0.7858735918998718,0.6118251085281372,0.3553605377674103,0.2618909776210785,0.12416132539510727,0.07396519929170609,0.0,0.0,0.10000000149011612,0.20000000298023224,0.4000000059604645,0.5,0.699999988079071,0.800000011920929,1.0,0.0,0.46374931931495667,0.45044130086898804,0.0,0.0,0.0,0.0,0.0,0.0833333358168602,0.5833333134651184,0.25,0.8333333134651184,0.0,0.5,1.0,0.3333333432674408,0.43954071402549744,0.0,0.0
trial_007_ep1_task047,7,47,0.9,low,28,False,28,0.0,0.0,2.648838462181154,6,27,27,43.12168502807617,ec66d085412ff0759fc3adf94cd9b14f66a416e114a8632709b513272128dafe,1.0,0.7858735918998718,0.6118251085281372,0.3553605377674103,0.2618909776210785,0.12416132539510727,0.07396519929170609,0.0,0.0,0.10000000149011612,0.20000000298023224,0.4000000059604645,0.5,0.699999988079071,0.800000011920929,1.0,0.0,0.0,0.0,0.0,0.0,0.0,0.0,0.0,0.0833333358168602,0.5833333134651184,0.25,0.8333333134651184,0.0,0.5,1.0,0.3333333432674408,0.16434359550476074,0.9555555582046509,0.0
trial_007_ep1_task048,7,48,0.999,high,20,False,20,5.660402630700631,3.3855624385393903,1.6081575349237256,5,23,27,43.122127532958984,36c882bc984b5e65a42f9fad0577b1d2fdf86d2cba5a4c12ddde0a5ce174f224,1.0,0.7858735918998718,0.6118251085281372,0.3553605377674103,0.2618909776210785,0.12416132539510727,0.07396519929170609,0.0,0.0,0.10000000149011612,0.20000000298023224,0.4000000059604645,0.5,0.699999988079071,0.800000011920929,1.0,0.0,0.0,0.4584027826786041,0.0,0.0,0.3625335693359375,0.0,0.0,0.0833333358168602,0.5833333134651184,0.25,0.8333333134651184,0.0,0.5,1.0,0.3333333432674408,0.9531177282333374,0.3777777850627899,0.6666666865348816
trial_007_ep1_task051,7,51,0.999,low,19,False,19,0.0,0.0,1.6996241135939534,5,27,27,43.12198257446289,ed27344cf4fd5ed17f8d92d6709bc10957b24ef689ca2e4b2e590af363cca160,1.0,0.7858735918998718,0.6118251085281372,0.3553605377674103,0.2618909776210785,0.12416132539510727,0.07396519929170609,0.0,0.0,0.10000000149011612,0.20000000298023224,0.4000000059604645,0.5,0.699999988079071,0.800000011920929,1.0,0.0,0.0,0.0,0.0,0.0,0.0,0.0,0.0,0.0833333358168602,0.5833333134651184,0.25,0.8333333134651184,0.0,0.5,1.0,0.3333333432674408,0.8876359462738037,0.42222222685813904,0.6666666865348816
trial_007_ep1_task052,7,52,0.99,medium,28,False,28,0.651672716996119,0.38126661858492805,0.949467209912215,5,20,27,43.121856689453125,89953279cc0291ce65cddf18d93d16d453ad829fc99896cbade113a79b2a5e1e,1.0,0.7858735918998718,0.6118251085281372,0.3553605377674103,0.2618909776210785,0.12416132539510727,0.07396519929170609,0.0,0.0,0.10000000149011612,0.20000000298023224,0.4000000059604645,0.5,0.699999988079071,0.800000011920929,1.0,0.0,0.0,0.0,0.0,0.0,0.0,0.06332093477249146,0.08702200651168823,0.0833333358168602,0.5833333134651184,0.25,0.8333333134651184,0.0,0.5,1.0,0.3333333432674408,0.9797055125236511,0.1111111119389534,0.3333333432674408
trial_007_ep1_task054,7,54,0.999,low,19,False,19,0.0,0.0,1.8469765853873286,6,23,27,43.121864318847656,a68c0712ee11eeeca987387c2358a6145f6e5695c5d7db5b4c92f35a1becaea5,1.0,0.7858735918998718,0.6118251085281372,0.3553605377674103,0.2618909776210785,0.12416132539510727,0.07396519929170609,0.0,0.0,0.10000000149011612,0.20000000298023224,0.4000000059604645,0.5,0.699999988079071,0.800000011920929,1.0,0.0,0.0,0.0,0.0,0.0,0.0,0.0,0.0,0.0833333358168602,0.5833333134651184,0.25,0.8333333134651184,0.0,0.5,1.0,0.3333333432674408,0.36061984300613403,0.5555555820465088,0.6666666865348816
trial_007_ep1_task055,7,55,0.99,medium,27,False,27,1.5370747527829376,1.0913435064824313,1.9457312463005063,5,13,27,43.121986389160156,3128dc5e17e39a08ccd5e0a0c47da14bd19ce10d1f073309812d8cbe862670af,1.0,0.7858735918998718,0.6118251085281372,0.3553605377674103,0.2618909776210785,0.12416132539510727,0.07396519929170609,0.0,0.0,0.10000000149011612,0.20000000298023224,0.4000000059604645,0.5,0.699999988079071,0.800000011920929,1.0,0.0,0.0,0.0,0.0,0.21435275673866272,0.0,0.10026050359010696,0.0,0.0833333358168602,0.5833333134651184,0.25,0.8333333134651184,0.0,0.5,1.0,0.3333333432674408,0.8779658675193787,0.4888888895511627,0.3333333432674408
trial_007_ep1_task057,7,57,0.99,high,27,False,27,4.7627551724101975,2.814109084835607,1.014133995476965,5,9,27,43.121803283691406,eaf7452b9b04e308a62c39adb582aa202c57a2de4f343118d801ab11bae22676,1.0,0.7858735918998718,0.6118251085281372,0.3553605377674103,0.2618909776210785,0.12416132539510727,0.07396519929170609,0.0,0.0,0.10000000149011612,0.20000000298023224,0.4000000059604645,0.5,0.699999988079071,0.800000011920929,1.0,0.0,0.0,0.412982702255249,0.0,0.3275780975818634,0.0,0.0,0.0,0.0833333358168602,0.5833333134651184,0.25,0.8333333134651184,0.0,0.5,1.0,0.3333333432674408,0.26933553814888,0.2222222238779068,0.3333333432674408
trial_007_ep1_task058,7,58,0.99,medium,27,False,27,1.1424752348373488,0.6385061187881718,1.5309642499417988,6,25,27,43.121768951416016,4cfc0388cea9ddb968e71d8c198a5dac6f3e485284363d3bf3a2b75bf16f84c6,1.0,0.7858735918998718,0.6118251085281372,0.3553605377674103,0.2618909776210785,0.12416132539510727,0.07396519929170609,0.0,0.0,0.10000000149011612,0.20000000298023224,0.4000000059604645,0.5,0.699999988079071,0.800000011920929,1.0,0.0,0.0,0.11189444363117218,0.0,0.1376533955335617,0.0,0.0,0.0,0.0833333358168602,0.5833333134651184,0.25,0.8333333134651184,0.0,0.5,1.0,0.3333333432674408,0.3285951614379883,0.42222222685813904,0.3333333432674408
trial_007_ep1_task059,7,59,0.9,low,28,False,28,0.0,0.0,2.246260086522261,5,21,27,43.12177658081055,e794001527c5f25d6eb9e17feccff590bcdfb37e05326ee33569a52c71dc0314,1.0,0.7858735918998718,0.6118251085281372,0.3553605377674103,0.2618909776210785,0.12416132539510727,0.07396519929170609,0.0,0.0,0.10000000149011612,0.20000000298023224,0.4000000059604645,0.5,0.699999988079071,0.800000011920929,1.0,0.0,0.0,0.0,0.0,0.0,0.0,0.0,0.0,0.0833333358168602,0.5833333134651184,0.25,0.8333333134651184,0.0,0.5,1.0,0.3333333432674408,0.6727188229560852,0.6666666865348816,0.0
trial_007_ep1_task061,7,61,0.9999,medium,7,False,7,2.290100454830208,1.2586973650501005,2.6304583382450044,6,26,27,43.12215042114258,ac3cbaae674762953f793806f1c2d4fa03d7489a0e5299f08e008a82826ece3c,1.0,0.7858735918998718,0.6118251085281372,0.3553605377674103,0.2618909776210785,0.12416132539510727,0.07396519929170609,0.0,0.0,0.10000000149011612,0.20000000298023224,0.4000000059604645,0.5,0.699999988079071,0.800000011920929,1.0,0.0,0.0,0.0,0.23935535550117493,0.0,0.2049931287765503,0.0,0.0,0.0833333358168602,0.5833333134651184,0.25,0.8333333134651184,0.0,0.5,1.0,0.3333333432674408,0.42758333683013916,0.8888888955116272,1.0
trial_007_ep1_task065,7,65,0.99,low,25,False,25,0.0,0.0,2.6327078286144774,6,15,27,43.121917724609375,c2859fc3c063c75a9c4b8eb52024e81b3c7a926e8461a0e1e6acb90cbc1cbe12,1.0,0.7858735918998718,0.6118251085281372,0.3553605377674103,0.2618909776210785,0.12416132539510727,0.07396519929170609,0.0,0.0,0.10000000149011612,0.20000000298023224,0.4000000059604645,0.5,0.699999988079071,0.800000011920929,1.0,0.0,0.0,0.0,0.0,0.0,0.0,0.0,0.0,0.0833333358168602,0.5833333134651184,0.25,0.8333333134651184,0.0,0.5,1.0,0.3333333432674408,0.5320823192596436,0.8666666746139526,0.3333333432674408
trial_007_ep1_task067,7,67,0.99,high,27,False,27,5.9212180543599775,3.2237008642613127,1.838963956386547,5,27,27,43.12211227416992,b80b7bffe8109c0996347d375e734013dac19ce3f5ea8fe45e64ee2c8c2d7685,1.0,0.7858735918998718,0.6118251085281372,0.3553605377674103,0.2618909776210785,0.12416132539510727,0.07396519929170609,0.0,0.0,0.10000000149011612,0.20000000298023224,0.4000000059604645,0.5,0.699999988079071,0.800000011920929,1.0,0.0,0.0,0.4462672173976898,0.09183316677808762,0.0,0.3381994366645813,0.05858498811721802,0.0,0.0833333358168602,0.5833333134651184,0.25,0.8333333134651184,0.0,0.5,1.0,0.3333333432674408,0.9817317128181458,0.46666666865348816,0.3333333432674408
trial_007_ep1_task069,7,69,0.999,low,24,False,24,0.0,0.0,1.062660130667802,5,12,27,43.12177658081055,30f2a6ec255e40bb7a95e47ddf2a07dc2184bcb5cbe5526c0eca59869193aead,1.0,0.7858735918998718,0.6118251085281372,0.3553605377674103,0.2618909776210785,0.12416132539510727,0.07396519929170609,0.0,0.0,0.10000000149011612,0.20000000298023224,0.4000000059604645,0.5,0.699999988079071,0.800000011920929,1.0,0.0,0.0,0.0,0.0,0.0,0.0,0.0,0.0,0.0833333358168602,0.5833333134651184,0.25,0.8333333134651184,0.0,0.5,1.0,0.3333333432674408,0.43108931183815,0.2222222238779068,0.6666666865348816
trial_007_ep1_task070,7,70,0.9999,low,10,False,10,0.0,0.0,1.807657702832285,23,22,27,43.122074127197266,5e888ba6c90b41ba4e3275b3bc67543922bab8e9c22d32e7b4607a4b9aa7217c,1.0,0.7858735918998718,0.6118251085281372,0.3553605377674103,0.2618909776210785,0.12416132539510727,0.07396519929170609,0.0,0.0,0.10000000149011612,0.20000000298023224,0.4000000059604645,0.5,0.699999988079071,0.800000011920929,1.0,0.0,0.0,0.0,0.0,0.0,0.0,0.0,0.0,0.0833333358168602,0.5833333134651184,0.25,0.8333333134651184,0.0,0.5,1.0,0.3333333432674408,0.8773775100708008,0.46666666865348816,1.0
trial_007_ep1_task071,7,71,0.9999,medium,8,False,8,1.3088474466679525,1.3088474466679525,1.7323304007821043,25,26,27,43.12201690673828,7721afed263e9f22ac569a1286085ddaa40f4d1857e663444c40966aa1aade7c,1.0,0.7858735918998718,0.6118251085281372,0.3553605377674103,0.2618909776210785,0.12416132539510727,0.07396519929170609,0.0,0.0,0.10000000149011612,0.20000000298023224,0.4000000059604645,0.5,0.699999988079071,0.800000011920929,1.0,0.0,0.0,0.0,0.0,0.0,0.24654078483581543,0.0,0.0,0.0833333358168602,0.5833333134651184,0.25,0.8333333134651184,0.0,0.5,1.0,0.3333333432674408,0.4411013424396515,0.4888888895511627,1.0
trial_007_ep1_task073,7,73,0.9999,medium,13,False,13,2.5978352905235194,1.584285786534702,1.2728685927937775,16,16,27,43.12198257446289,a1a9766904dfcaad997b990d8e98bd15b664be80ff4325b8742803286a6ef925,1.0,0.7858735918998718,0.6118251085281372,0.3553605377674103,0.2618909776210785,0.12416132539510727,0.07396519929170609,0.0,0.0,0.10000000149011612,0.20000000298023224,0.4000000059604645,0.5,0.699999988079071,0.800000011920929,1.0,0.0,0.0,0.0,0.0,0.12837493419647217,0.2837042808532715,0.0,0.09592677652835846,0.0833333358168602,0.5833333134651184,0.25,0.8333333134651184,0.0,0.5,1.0,0.3333333432674408,0.2058582752943039,0.3333333432674408,1.0
trial_007_ep1_task079,7,79,0.9,high,27,False,27,2.913728427761945,1.833745891835728,3.0661167205882194,5,24,27,43.12199783325195,b2e0580860ac095b5eae52823366336918eafed943fd79ea003dae56956950e7,1.0,0.7858735918998718,0.6118251085281372,0.3553605377674103,0.2618909776210785,0.12416132539510727,0.07396519929170609,0.0,0.0,0.10000000149011612,0.20000000298023224,0.4000000059604645,0.5,0.699999988079071,0.800000011920929,1.0,0.0,0.0,0.3143342137336731,0.0,0.0,0.0,0.0,0.21259571611881256,0.0833333358168602,0.5833333134651184,0.25,0.8333333134651184,0.0,0.5,1.0,0.3333333432674408,0.627796471118927,1.0,0.0
trial_007_ep1_task082,7,82,0.99,low,28,False,28,0.0,0.0,0.5026326441340196,5,2,27,43.12152099609375,75d2f65a7e6143d76c9f67355b5e551fac6006ccd3a6eddc333dc8ce1c737b87,1.0,0.7858735918998718,0.6118251085281372,0.3553605377674103,0.2618909776210785,0.12416132539510727,0.07396519929170609,0.0,0.0,0.10000000149011612,0.20000000298023224,0.4000000059604645,0.5,0.699999988079071,0.800000011920929,1.0,0.0,0.0,0.0,0.0,0.0,0.0,0.0,0.0,0.0833333358168602,0.5833333134651184,0.25,0.8333333134651184,0.0,0.5,1.0,0.3333333432674408,0.41618287563323975,0.0,0.3333333432674408
trial_007_ep1_task084,7,84,0.9,low,28,False,28,0.0,0.0,2.0884384497194723,5,25,27,43.12181854248047,1461055ebe8bcf9acdb707c1781b1c5953415200ab8258abd01dbd5e289399f2,1.0,0.7858735918998718,0.6118251085281372,0.3553605377674103,0.2618909776210785,0.12416132539510727,0.07396519929170609,0.0,0.0,0.10000000149011612,0.20000000298023224,0.4000000059604645,0.5,0.699999988079071,0.800000011920929,1.0,0.0,0.0,0.0,0.0,0.0,0.0,0.0,0.0,0.0833333358168602,0.5833333134651184,0.25,0.8333333134651184,0.0,0.5,1.0,0.3333333432674408,0.8873874545097351,0.5777778029441833,0.0
trial_007_ep1_task085,7,85,0.9999,high,8,False,8,3.3812531946880178,1.819755098007515,2.0671464646139994,6,26,27,43.12211227416992,26be95365e2b2e43133d907c633762556816016cf25e7d2ca76d6e79b2d4de32,1.0,0.7858735918998718,0.6118251085281372,0.3553605377674103,0.2618909776210785,0.12416132539510727,0.07396519929170609,0.0,0.0,0.10000000149011612,0.20000000298023224,0.4000000059604645,0.5,0.699999988079071,0.800000011920929,1.0,0.0,0.0,0.0,0.0,0.0,0.31268584728240967,0.28076931834220886,0.0,0.0833333358168602,0.5833333134651184,0.25,0.8333333134651184,0.0,0.5,1.0,0.3333333432674408,0.30095958709716797,0.6666666865348816,1.0
trial_007_ep1_task086,7,86,0.999,high,17,False,17,5.385474994966984,3.1713292295036757,3.187582032098233,5,15,27,43.12215805053711,09587e9e6ad162530355a076a7cbe5f5f1963654a6717edd7afb6e3d3ef3430f,1.0,0.7858735918998718,0.6118251085281372,0.3553605377674103,0.2618909776210785,0.12416132539510727,0.07396519929170609,0.0,0.0,0.10000000149011612,0.20000000298023224,0.4000000059604645,0.5,0.699999988079071,0.800000011920929,1.0,0.0,0.0,0.0,0.0,0.0,0.44222334027290344,0.1759795844554901,0.25371700525283813,0.0833333358168602,0.5833333134651184,0.25,0.8333333134651184,0.0,0.5,1.0,0.3333333432674408,0.47063979506492615,0.8222222328186035,0.6666666865348816
trial_007_ep1_task088,7,88,0.9999,high,22,False,22,5.6241071807879885,3.807006579088484,0.5984438522102927,5,21,27,43.12205123901367,335575a0df39ac563655d80e8cba626afc3b65af64eec2e32cfb63982e3e9023,1.0,0.7858735918998718,0.6118251085281372,0.3553605377674103,0.2618909776210785,0.12416132539510727,0.07396519929170609,0.0,0.0,0.10000000149011612,0.20000000298023224,0.4000000059604645,0.5,0.699999988079071,0.800000011920929,1.0,0.0,0.0,0.09044140577316284,0.0,0.26190587878227234,0.48763972520828247,0.0,0.0,0.0833333358168602,0.5833333134651184,0.25,0.8333333134651184,0.0,0.5,1.0,0.3333333432674408,0.5503683686256409,0.02222222276031971,1.0
trial_007_ep1_task089,7,89,0.9999,high,8,False,8,2.212291240446196,2.212291240446196,1.954446678437069,6,24,27,43.1220703125,88e1bbda8fe61c6345ee45ba6f938a0525285c4abc35bcf01b5641fc87d64e21,1.0,0.7858735918998718,0.6118251085281372,0.3553605377674103,0.2618909776210785,0.12416132539510727,0.07396519929170609,0.0,0.0,0.10000000149011612,0.20000000298023224,0.4000000059604645,0.5,0.699999988079071,0.800000011920929,1.0,0.0,0.0,0.0,0.0,0.0,0.3561151921749115,0.0,0.0,0.0833333358168602,0.5833333134651184,0.25,0.8333333134651184,0.0,0.5,1.0,0.3333333432674408,0.4755600094795227,0.5777778029441833,1.0
trial_007_ep1_task092,7,92,0.999,low,19,False,19,0.0,0.0,1.9243135540870393,5,25,27,43.12196731567383,943df7836f2c312ea53421638f0400f298c67b0920ca2b16712e322e843e7db0,1.0,0.7858735918998718,0.6118251085281372,0.3553605377674103,0.2618909776210785,0.12416132539510727,0.07396519929170609,0.0,0.0,0.10000000149011612,0.20000000298023224,0.4000000059604645,0.5,0.699999988079071,0.800000011920929,1.0,0.0,0.0,0.0,0.0,0.0,0.0,0.0,0.0,0.0833333358168602,0.5833333134651184,0.25,0.8333333134651184,0.0,0.5,1.0,0.3333333432674408,0.7106748223304749,0.5333333611488342,0.6666666865348816
trial_007_ep1_task093,7,93,0.999,medium,17,False,17,2.5602778920424347,1.3946393761453801,2.73454865524432,6,26,27,43.12217330932617,c78a1e25a1d364ecae2ea052b31226c632bc4ed443b8a8b91d7f1f641058cedd,1.0,0.7858735918998718,0.6118251085281372,0.3553605377674103,0.2618909776210785,0.12416132539510727,0.07396519929170609,0.0,0.0,0.10000000149011612,0.20000000298023224,0.4000000059604645,0.5,0.699999988079071,0.800000011920929,1.0,0.0,0.0,0.0,0.0,0.0,0.25852319598197937,0.22565235197544098,0.0,0.0833333358168602,0.5833333134651184,0.25,0.8333333134651184,0.0,0.5,1.0,0.3333333432674408,0.935763955116272,0.8222222328186035,0.6666666865348816
trial_007_ep1_task094,7,94,0.999,high,14,False,14,3.4469599626508587,2.288819459423026,2.971248860538934,16,24,27,43.12213897705078,5d315083f8ea37c4f58e68746be2e1fe9760e404be1e9e0c779c08a42099e2de,1.0,0.7858735918998718,0.6118251085281372,0.3553605377674103,0.2618909776210785,0.12416132539510727,0.07396519929170609,0.0,0.0,0.10000000149011612,0.20000000298023224,0.4000000059604645,0.5,0.699999988079071,0.800000011920929,1.0,0.0,0.0,0.0,0.0,0.0,0.36395058035850525,0.0,0.22452674806118011,0.0833333358168602,0.5833333134651184,0.25,0.8333333134651184,0.0,0.5,1.0,0.3333333432674408,0.496755450963974,0.9777777791023254,0.6666666865348816
trial_007_ep1_task095,7,95,0.9999,high,5,False,5,4.896387147094373,2.259297903120129,2.75897892089817,25,24,27,43.12221145629883,b04915d45fabd4a0befaec62c3553c4530d7097d09e82b10ca982e2500424401,1.0,0.7858735918998718,0.6118251085281372,0.3553605377674103,0.2618909776210785,0.12416132539510727,0.07396519929170609,0.0,0.0,0.10000000149011612,0.20000000298023224,0.4000000059604645,0.5,0.699999988079071,0.800000011920929,1.0,0.0,0.0,0.0,0.0,0.36095067858695984,0.14142529666423798,0.0,0.3309028446674347,0.0833333358168602,0.5833333134651184,0.25,0.8333333134651184,0.0,0.5,1.0,0.3333333432674408,0.34474456310272217,0.9111111164093018,1.0
trial_007_ep1_task097,7,97,0.999,high,23,False,23,3.888529703702985,2.628223829778487,1.146990618166802,5,13,27,43.12192153930664,7c4bc0f665a878ef459cb845d48fb96022ea547e1c2a980347d7b16b44dc7e3c,1.0,0.7858735918998718,0.6118251085281372,0.3553605377674103,0.2618909776210785,0.12416132539510727,0.07396519929170609,0.0,0.0,0.10000000149011612,0.20000000298023224,0.4000000059604645,0.5,0.699999988079071,0.800000011920929,1.0,0.0,0.0,0.39652007818222046,0.0,0.0,0.2395879477262497,0.0,0.0,0.0833333358168602,0.5833333134651184,0.25,0.8333333134651184,0.0,0.5,1.0,0.3333333432674408,0.3418205678462982,0.2666666805744171,0.6666666865348816
trial_007_ep1_task099,7,99,0.9,high,27,False,27,5.734762626306058,3.6179853621988425,2.9227642162708376,6,25,27,43.1220588684082,7a9ed730662942d90649d9d34086eacb2674410b34ddc2251a41cafb03c25d91,1.0,0.7858735918998718,0.6118251085281372,0.3553605377674103,0.2618909776210785,0.12416132539510727,0.07396519929170609,0.0,0.0,0.10000000149011612,0.20000000298023224,0.4000000059604645,0.5,0.699999988079071,0.800000011920929,1.0,0.0,0.0,0.47492679953575134,0.20198416709899902,0.0,0.17242532968521118,0.06343904137611389,0.0,0.0833333358168602,0.5833333134651184,0.25,0.8333333134651184,0.0,0.5,1.0,0.3333333432674408,0.6121950745582581,0.9777777791023254,0.0
trial_007_ep1_task100,7,100,0.9999,high,15,False,15,10.004605810785606,3.255564470093286,1.00567446289212,6,6,27,43.122154235839844,4ad61957094f7a7a2bf8eda70438a6ea8de50b9ed8cc24a927a979c5119fa99e,1.0,0.7858735918998718,0.6118251085281372,0.3553605377674103,0.2618909776210785,0.12416132539510727,0.07396519929170609,0.0,0.0,0.10000000149011612,0.20000000298023224,0.4000000059604645,0.5,0.699999988079071,0.800000011920929,1.0,0.10978785157203674,0.0,0.44116878509521484,0.1213122233748436,0.0,0.4486989974975586,0.38891100883483887,0.0,0.0833333358168602,0.5833333134651184,0.25,0.8333333134651184,0.0,0.5,1.0,0.3333333432674408,0.2780155837535858,0.20000000298023224,1.0
trial_007_ep1_task101,7,101,0.9,medium,28,False,28,0.7116130567799976,0.4046906877179093,2.167925982216101,6,15,27,43.121700286865234,bfb546843dffca36e0da2befb26a8a9135b038e8e879f20d380e8338b115c610,1.0,0.7858735918998718,0.6118251085281372,0.3553605377674103,0.2618909776210785,0.12416132539510727,0.07396519929170609,0.0,0.0,0.10000000149011612,0.20000000298023224,0.4000000059604645,0.5,0.699999988079071,0.800000011920929,1.0,0.0,0.0,0.07126257568597794,0.0,0.0,0.09187720715999603,0.0,0.0,0.0833333358168602,0.5833333134651184,0.25,0.8333333134651184,0.0,0.5,1.0,0.3333333432674408,0.3025186359882355,0.7111111283302307,0.0
trial_007_ep1_task102,7,102,0.9,medium,28,False,28,2.3669916108738196,1.6079960062448513,2.0376851021673748,5,27,27,43.12187194824219,62e3125c267267e2d20a25386c8870662d337a7ad76146c6e06105d9b92ff61a,1.0,0.7858735918998718,0.6118251085281372,0.3553605377674103,0.2618909776210785,0.12416132539510727,0.07396519929170609,0.0,0.0,0.10000000149011612,0.20000000298023224,0.4000000059604645,0.5,0.699999988079071,0.800000011920929,1.0,0.0,0.0,0.2867327332496643,0.0,0.0,0.15948651731014252,0.0,0.0,0.0833333358168602,0.5833333134651184,0.25,0.8333333134651184,0.0,0.5,1.0,0.3333333432674408,0.7182096242904663,0.5777778029441833,0.0
trial_007_ep1_task108,7,108,0.9999,low,8,False,8,0.0,0.0,2.239577881155958,25,17,27,43.1220703125,2214bcd85757f1e1d2faea839975779908720ed3f5575e0946fe7bda619cb7a3,1.0,0.7858735918998718,0.6118251085281372,0.3553605377674103,0.2618909776210785,0.12416132539510727,0.07396519929170609,0.0,0.0,0.10000000149011612,0.20000000298023224,0.4000000059604645,0.5,0.699999988079071,0.800000011920929,1.0,0.0,0.0,0.0,0.0,0.0,0.0,0.0,0.0,0.0833333358168602,0.5833333134651184,0.25,0.8333333134651184,0.0,0.5,1.0,0.3333333432674408,0.6504448056221008,0.6666666865348816,1.0
trial_007_ep1_task109,7,109,0.9,high,28,False,28,2.8865414787908414,2.048962666419025,1.3498171910240557,5,11,27,43.121726989746094,23649489878297bf25482280f0e4598076972d9ea14bb2598b10777b20135d7d,1.0,0.7858735918998718,0.6118251085281372,0.3553605377674103,0.2618909776210785,0.12416132539510727,0.07396519929170609,0.0,0.0,0.10000000149011612,0.20000000298023224,0.4000000059604645,0.5,0.699999988079071,0.800000011920929,1.0,0.0,0.0,0.338729590177536,0.0,0.0,0.0,0.0,0.17314007878303528,0.0833333358168602,0.5833333134651184,0.25,0.8333333134651184,0.0,0.5,1.0,0.3333333432674408,0.46235358715057373,0.3333333432674408,0.0
trial_007_ep1_task110,7,110,0.9999,medium,12,False,12,2.3358370641151223,1.0699901298234005,1.527558671902956,16,27,27,43.12208557128906,821f72f014d7dab9f36dd8b2c1a17054999d699b0f892cd281802950719babd4,1.0,0.7858735918998718,0.6118251085281372,0.3553605377674103,0.2618909776210785,0.12416132539510727,0.07396519929170609,0.0,0.0,0.10000000149011612,0.20000000298023224,0.4000000059604645,0.5,0.699999988079071,0.800000011920929,1.0,0.0,0.2110438346862793,0.1971895545721054,0.0,0.0,0.0,0.06615165621042252,0.0,0.0833333358168602,0.5833333134651184,0.25,0.8333333134651184,0.0,0.5,1.0,0.3333333432674408,0.6844548583030701,0.3777777850627899,1.0
trial_007_ep1_task116,7,116,0.9,high,28,False,28,4.2691454498712424,2.4698607865133226,2.2504263062359042,5,10,27,43.1218147277832,44cd5edf0ec8ac53312ebc64f630c3e7064675f283cdf7e0c59f1f5db060487b,1.0,0.7858735918998718,0.6118251085281372,0.3553605377674103,0.2618909776210785,0.12416132539510727,0.07396519929170609,0.0,0.0,0.10000000149011612,0.20000000298023224,0.4000000059604645,0.5,0.699999988079071,0.800000011920929,1.0,0.0,0.02640567719936371,0.38174867630004883,0.0,0.0,0.0,0.0,0.29711079597473145,0.0833333358168602,0.5833333134651184,0.25,0.8333333134651184,0.0,0.5,1.0,0.3333333432674408,0.13105064630508423,0.7333333492279053,0.0
trial_007_ep1_task120,7,120,0.9999,high,8,False,8,15.287596972258719,5.5110444392065006,2.877253729498514,15,27,27,43.12234878540039,4df232c0e242709d9673db76ab68d50508738147abb14b1a7705655c7eb0dd60,1.0,0.7858735918998718,0.6118251085281372,0.3553605377674103,0.2618909776210785,0.12416132539510727,0.07396519929170609,0.0,0.0,0.10000000149011612,0.20000000298023224,0.4000000059604645,0.5,0.699999988079071,0.800000011920929,1.0,0.0,0.5794363021850586,0.16582408547401428,0.0,0.13819636404514313,0.15959441661834717,0.36651501059532166,0.5683183670043945,0.0833333358168602,0.5833333134651184,0.25,0.8333333134651184,0.0,0.5,1.0,0.3333333432674408,0.7176867127418518,0.6888889074325562,1.0
trial_007_ep1_task122,7,122,0.99,high,27,False,27,4.511227801663303,2.887182969775257,1.519812433514433,5,19,27,43.12192916870117,2edd0246a86a88a5c6a96e717e0d0e8826962a8fc3ce0636eba8e66736202612,1.0,0.7858735918998718,0.6118251085281372,0.3553605377674103,0.2618909776210785,0.12416132539510727,0.07396519929170609,0.0,0.0,0.10000000149011612,0.20000000298023224,0.4000000059604645,0.5,0.699999988079071,0.800000011920929,1.0,0.0,0.4192110300064087,0.0,0.0,0.0,0.0,0.0,0.28876811265945435,0.0833333358168602,0.5833333134651184,0.25,0.8333333134651184,0.0,0.5,1.0,0.3333333432674408,0.47344884276390076,0.4000000059604645,0.3333333432674408
trial_007_ep1_task125,7,125,0.999,medium,18,False,18,0.7708197949580775,0.7708197949580775,2.1315249039937667,5,25,27,43.12204360961914,37e7de1f0831041e1bbfff2da6dbd8292ec5f5070a6e8bbad3f829eaf22cc6ec,1.0,0.7858735918998718,0.6118251085281372,0.3553605377674103,0.2618909776210785,0.12416132539510727,0.07396519929170609,0.0,0.0,0.10000000149011612,0.20000000298023224,0.4000000059604645,0.5,0.699999988079071,0.800000011920929,1.0,0.0,0.16156966984272003,0.0,0.0,0.0,0.0,0.0,0.0,0.0833333358168602,0.5833333134651184,0.25,0.8333333134651184,0.0,0.5,1.0,0.3333333432674408,0.8458237648010254,0.6000000238418579,0.6666666865348816
trial_007_ep1_task127,7,127,0.999,medium,27,False,27,0.9157289273014333,0.6461284388565849,0.5491628799931397,4,10,27,43.121646881103516,be20d7723bba4a0eadcdeccd9a85198c5b289fe55c0de13c78e6fabe76b9bb9d,1.0,0.7858735918998718,0.6118251085281372,0.3553605377674103,0.2618909776210785,0.12416132539510727,0.07396519929170609,0.0,0.0,0.10000000149011612,0.20000000298023224,0.4000000059604645,0.5,0.699999988079071,0.800000011920929,1.0,0.0,0.0,0.0,0.0,0.0,0.0,0.139068141579628,0.06314419209957123,0.0833333358168602,0.5833333134651184,0.25,0.8333333134651184,0.0,0.5,1.0,0.3333333432674408,0.12451730668544769,0.02222222276031971,0.6666666865348816
trial_007_ep1_task128,7,128,0.999,low,18,False,18,0.0,0.0,2.4951904784244134,5,22,27,43.122074127197266,a084fecb3a28e728779dca58f98c20e585b34e3816b183f3a00abe72e2783948,1.0,0.7858735918998718,0.6118251085281372,0.3553605377674103,0.2618909776210785,0.12416132539510727,0.07396519929170609,0.0,0.0,0.10000000149011612,0.20000000298023224,0.4000000059604645,0.5,0.699999988079071,0.800000011920929,1.0,0.0,0.0,0.0,0.0,0.0,0.0,0.0,0.0,0.0833333358168602,0.5833333134651184,0.25,0.8333333134651184,0.0,0.5,1.0,0.3333333432674408,0.9469312429428101,0.7333333492279053,0.6666666865348816
trial_007_ep1_task129,7,129,0.9999,low,8,False,8,0.0,0.0,2.6040957740982376,25,24,27,43.12214660644531,f6fd494027169d9ec30913f2609d62e49b262bfd3fb6aac38f1bdcd25b67a768,1.0,0.7858735918998718,0.6118251085281372,0.3553605377674103,0.2618909776210785,0.12416132539510727,0.07396519929170609,0.0,0.0,0.10000000149011612,0.20000000298023224,0.4000000059604645,0.5,0.699999988079071,0.800000011920929,1.0,0.0,0.0,0.0,0.0,0.0,0.0,0.0,0.0,0.0833333358168602,0.5833333134651184,0.25,0.8333333134651184,0.0,0.5,1.0,0.3333333432674408,0.9395785331726074,0.7777777910232544,1.0
trial_007_ep1_task132,7,132,0.99,low,25,False,25,0.0,0.0,2.8243114876465127,6,22,27,43.12193298339844,c8c5d0740bf73790751333467ad8c9811221e5c5962bb25cc16737efd913acac,1.0,0.7858735918998718,0.6118251085281372,0.3553605377674103,0.2618909776210785,0.12416132539510727,0.07396519929170609,0.0,0.0,0.10000000149011612,0.20000000298023224,0.4000000059604645,0.5,0.699999988079071,0.800000011920929,1.0,0.0,0.0,0.0,0.0,0.0,0.0,0.0,0.0,0.0833333358168602,0.5833333134651184,0.25,0.8333333134651184,0.0,0.5,1.0,0.3333333432674408,0.5152896642684937,0.9555555582046509,0.3333333432674408
trial_007_ep1_task133,7,133,0.99,low,27,False,27,0.0,0.0,1.0639590926791116,5,26,27,43.121646881103516,9b3a33ad422a53e51eb4979ebeb68f72e208dc5ce2df925931f17a2235085820,1.0,0.7858735918998718,0.6118251085281372,0.3553605377674103,0.2618909776210785,0.12416132539510727,0.07396519929170609,0.0,0.0,0.10000000149011612,0.20000000298023224,0.4000000059604645,0.5,0.699999988079071,0.800000011920929,1.0,0.0,0.0,0.0,0.0,0.0,0.0,0.0,0.0,0.0833333358168602,0.5833333134651184,0.25,0.8333333134651184,0.0,0.5,1.0,0.3333333432674408,0.4354192018508911,0.2222222238779068,0.3333333432674408
trial_007_ep1_task135,7,135,0.999,medium,18,False,18,0.17287959271351383,0.17287959271351383,2.038243574188867,6,15,27,43.12190246582031,6347acd71ca9659841c7530224007b10b5db963bd7be93c32fb02c03bc25958f,1.0,0.7858735918998718,0.6118251085281372,0.3553605377674103,0.2618909776210785,0.12416132539510727,0.07396519929170609,0.0,0.0,0.10000000149011612,0.20000000298023224,0.4000000059604645,0.5,0.699999988079071,0.800000011920929,1.0,0.0,0.04142932593822479,0.0,0.0,0.0,0.0,0.0,0.0,0.0833333358168602,0.5833333134651184,0.25,0.8333333134651184,0.0,0.5,1.0,0.3333333432674408,0.34315380454063416,0.644444465637207,0.6666666865348816
trial_007_ep1_task136,7,136,0.999,high,27,False,27,4.02543556698142,2.4689194133742567,0.7197361753909438,5,20,27,43.12193298339844,f99ddc82d40cb2a9faa986da046c6866a2d9b41130a7066781bf45e0f99eb362,1.0,0.7858735918998718,0.6118251085281372,0.3553605377674103,0.2618909776210785,0.12416132539510727,0.07396519929170609,0.0,0.0,0.10000000149011612,0.20000000298023224,0.4000000059604645,0.5,0.699999988079071,0.800000011920929,1.0,0.0,0.0,0.3816587030887604,0.0,0.0,0.2801244854927063,0.0,0.0,0.0833333358168602,0.5833333134651184,0.25,0.8333333134651184,0.0,0.5,1.0,0.3333333432674408,0.5843057632446289,0.06666667014360428,0.6666666865348816
trial_007_ep1_task137,7,137,0.999,low,18,False,18,0.0,0.0,2.155280236639959,6,21,27,43.12188720703125,36add467d810f92a54d602a8f8efaa18492f2b01a14f1fd28776e55bc4c4bdeb,1.0,0.7858735918998718,0.6118251085281372,0.3553605377674103,0.2618909776210785,0.12416132539510727,0.07396519929170609,0.0,0.0,0.10000000149011612,0.20000000298023224,0.4000000059604645,0.5,0.699999988079071,0.800000011920929,1.0,0.0,0.0,0.0,0.0,0.0,0.0,0.0,0.0,0.0833333358168602,0.5833333134651184,0.25,0.8333333134651184,0.0,0.5,1.0,0.3333333432674408,0.27722713351249695,0.7111111283302307,0.6666666865348816
trial_007_ep1_task140,7,140,0.9999,medium,8,False,8,1.0333558882173255,1.0333558882173255,1.5860618481941762,6,26,27,43.121917724609375,a9e6783437b1cb3dc1f4e3d876c8ae5abe3719869ae175358bea522a75d0f2e6,1.0,0.7858735918998718,0.6118251085281372,0.3553605377674103,0.2618909776210785,0.12416132539510727,0.07396519929170609,0.0,0.0,0.10000000149011612,0.20000000298023224,0.4000000059604645,0.5,0.699999988079071,0.800000011920929,1.0,0.0,0.0,0.0,0.0,0.20530156791210175,0.0,0.0,0.0,0.0833333358168602,0.5833333134651184,0.25,0.8333333134651184,0.0,0.5,1.0,0.3333333432674408,0.03879036381840706,0.5111111402511597,1.0
trial_007_ep1_task142,7,142,0.99,medium,28,False,28,2.700555958304058,1.5375551277193722,0.7747040267596097,2,19,27,43.12191390991211,6bc20042af9df55fadf727f77f37c379b9884f0468d041e2035975fc07aea747,1.0,0.7858735918998718,0.6118251085281372,0.3553605377674103,0.2618909776210785,0.12416132539510727,0.07396519929170609,0.0,0.0,0.10000000149011612,0.20000000298023224,0.4000000059604645,0.5,0.699999988079071,0.800000011920929,1.0,0.0,0.0,0.0,0.0,0.0,0.0020043961703777313,0.224049374461174,0.2776595652103424,0.0833333358168602,0.5833333134651184,0.25,0.8333333134651184,0.0,0.5,1.0,0.3333333432674408,0.9193501472473145,0.0,0.3333333432674408
trial_007_ep1_task143,7,143,0.999,low,21,False,21,0.0,0.0,1.4516707175345318,5,19,27,43.12187957763672,c4ab00ceaade87cd37c4b3fd9fe8647747258d247ad085de151371f28ff5c273,1.0,0.7858735918998718,0.6118251085281372,0.3553605377674103,0.2618909776210785,0.12416132539510727,0.07396519929170609,0.0,0.0,0.10000000149011612,0.20000000298023224,0.4000000059604645,0.5,0.699999988079071,0.800000011920929,1.0,0.0,0.0,0.0,0.0,0.0,0.0,0.0,0.0,0.0833333358168602,0.5833333134651184,0.25,0.8333333134651184,0.0,0.5,1.0,0.3333333432674408,0.6166801452636719,0.35555556416511536,0.6666666865348816
trial_007_ep1_task145,7,145,0.9,high,28,False,28,3.1314687436911286,1.9827664839943129,2.0669310391972724,6,17,27,43.121803283691406,6c4adaaa314413e1632e1a80ffaacdfaa43e1ff63fd221d52931fda9ea18aa47,1.0,0.7858735918998718,0.6118251085281372,0.3553605377674103,0.2618909776210785,0.12416132539510727,0.07396519929170609,0.0,0.0,0.10000000149011612,0.20000000298023224,0.4000000059604645,0.5,0.699999988079071,0.800000011920929,1.0,0.0,0.0,0.0,0.0,0.3314129710197449,0.0,0.22310520708560944,0.0,0.0833333358168602,0.5833333134651184,0.25,0.8333333134651184,0.0,0.5,1.0,0.3333333432674408,0.20052874088287354,0.6888889074325562,0.0
trial_007_ep1_task147,7,147,0.9,high,28,False,28,7.093773031414442,2.7219261038973968,0.4764059258161351,5,10,27,43.1217041015625,dba07940381bb0ee84ea4f7042c066776c0821cdcf77391aaa8f023a98b7d1bc,1.0,0.7858735918998718,0.6118251085281372,0.3553605377674103,0.2618909776210785,0.12416132539510727,0.07396519929170609,0.0,0.0,0.10000000149011612,0.20000000298023224,0.4000000059604645,0.5,0.699999988079071,0.800000011920929,1.0,0.4049324691295624,0.0,0.32627150416374207,0.0,0.13582251965999603,0.21464143693447113,0.0,0.15125547349452972,0.0833333358168602,0.5833333134651184,0.25,0.8333333134651184,0.0,0.5,1.0,0.3333333432674408,0.14357531070709229,0.02222222276031971,0.0
trial_007_ep1_task148,7,148,0.999,high,18,False,18,4.982595542753308,2.1885366593590674,2.312114240851319,5,15,27,43.12216567993164,40df003f6a04c63ef131d9faf09bc43d0033179ac987167ee7bfd399ec1db774,1.0,0.7858735918998718,0.6118251085281372,0.3553605377674103,0.2618909776210785,0.12416132539510727,0.07396519929170609,0.0,0.0,0.10000000149011612,0.20000000298023224,0.4000000059604645,0.5,0.699999988079071,0.800000011920929,1.0,0.35364365577697754,0.04826001077890396,0.2597692608833313,0.0,0.023268040269613266,0.18579483032226562,0.0,0.04293716698884964,0.0833333358168602,0.5833333134651184,0.25,0.8333333134651184,0.0,0.5,1.0,0.3333333432674408,0.7070474624633789,0.6888889074325562,0.6666666865348816
trial_007_ep1_task151,7,151,0.99,low,28,False,28,0.0,0.0,0.7132840747245524,5,24,27,43.1216926574707,2ce618c589931f510ef85fb69d85d347280a8619679070ab8b9314f9d1f5c0fc,1.0,0.7858735918998718,0.6118251085281372,0.3553605377674103,0.2618909776210785,0.12416132539510727,0.07396519929170609,0.0,0.0,0.10000000149011612,0.20000000298023224,0.4000000059604645,0.5,0.699999988079071,0.800000011920929,1.0,0.0,0.0,0.0,0.0,0.0,0.0,0.0,0.0,0.0833333358168602,0.5833333134651184,0.25,0.8333333134651184,0.0,0.5,1.0,0.3333333432674408,0.7479839324951172,0.04444444552063942,0.3333333432674408
trial_007_ep1_task152,7,152,0.99,low,26,False,26,0.0,0.0,2.476483064045437,5,22,27,43.12197494506836,73b15412049c4bedcd11cedc8632b5ec6f3bb6cdf9167a7f6b12b0a98ca7f613,1.0,0.7858735918998718,0.6118251085281372,0.3553605377674103,0.2618909776210785,0.12416132539510727,0.07396519929170609,0.0,0.0,0.10000000149011612,0.20000000298023224,0.4000000059604645,0.5,0.699999988079071,0.800000011920929,1.0,0.0,0.0,0.0,0.0,0.0,0.0,0.0,0.0,0.0833333358168602,0.5833333134651184,0.25,0.8333333134651184,0.0,0.5,1.0,0.3333333432674408,0.8845731616020203,0.7333333492279053,0.3333333432674408
trial_007_ep1_task157,7,157,0.999,high,23,False,23,4.558227838663173,2.9476861383401833,1.503017049283109,6,27,27,43.122100830078125,24d8132ff42e7505f162f30786fbc3d90e3abd920d9eb6f75e85424e0146c2f1,1.0,0.7858735918998718,0.6118251085281372,0.3553605377674103,0.2618909776210785,0.12416132539510727,0.07396519929170609,0.0,0.0,0.10000000149011612,0.20000000298023224,0.4000000059604645,0.5,0.699999988079071,0.800000011920929,1.0,0.0,0.0,0.4242687523365021,0.0,0.0,0.0,0.2870563566684723,0.0,0.0833333358168602,0.5833333134651184,0.25,0.8333333134651184,0.0,0.5,1.0,0.3333333432674408,0.9727007746696472,0.2666666805744171,0.6666666865348816
trial_007_ep1_task158,7,158,0.9999,high,18,False,18,4.08102410829924,1.9727977303096886,1.13273000118619,6,12,27,43.12211227416992,486af8184f018cd5617373bb290380110c7f167cbf062da87975ba3c189bf370,1.0,0.7858735918998718,0.6118251085281372,0.3553605377674103,0.2618909776210785,0.12416132539510727,0.07396519929170609,0.0,0.0,0.10000000149011612,0.20000000298023224,0.4000000059604645,0.5,0.699999988079071,0.800000011920929,1.0,0.0,0.0,0.3302970826625824,0.0,0.0,0.0,0.28316667675971985,0.1166328713297844,0.0833333358168602,0.5833333134651184,0.25,0.8333333134651184,0.0,0.5,1.0,0.3333333432674408,0.7321266531944275,0.15555556118488312,1.0
trial_007_ep1_task159,7,159,0.9999,high,15,False,15,4.044095176107825,1.9604880862458836,1.1764497461605372,4,17,27,43.122039794921875,ac889fbdbb19fdca6a293ece9228524b8e7fecb955c19d0733d18b30ea237edc,1.0,0.7858735918998718,0.6118251085281372,0.3553605377674103,0.2618909776210785,0.12416132539510727,0.07396519929170609,0.0,0.0,0.10000000149011612,0.20000000298023224,0.4000000059604645,0.5,0.699999988079071,0.800000011920929,1.0,0.0,0.0,0.32891401648521423,0.0,0.0,0.0,0.281581848859787,0.11422490328550339,0.0833333358168602,0.5833333134651184,0.25,0.8333333134651184,0.0,0.5,1.0,0.3333333432674408,0.35289254784584045,0.2222222238779068,1.0
trial_007_ep1_task163,7,163,0.9,low,28,False,28,0.0,0.0,1.517985249590816,5,14,27,43.12165451049805,6325c6a24d53535ad2b8a515cbc3bef4bbbe5ee79ac3da6fd54d86f2eae90997,1.0,0.7858735918998718,0.6118251085281372,0.3553605377674103,0.2618909776210785,0.12416132539510727,0.07396519929170609,0.0,0.0,0.10000000149011612,0.20000000298023224,0.4000000059604645,0.5,0.699999988079071,0.800000011920929,1.0,0.0,0.0,0.0,0.0,0.0,0.0,0.0,0.0,0.0833333358168602,0.5833333134651184,0.25,0.8333333134651184,0.0,0.5,1.0,0.3333333432674408,0.6525434255599976,0.3777777850627899,0.0
trial_007_ep1_task165,7,165,0.99,high,25,False,25,5.8906032383261335,3.838280359599418,2.8385346856132596,5,19,27,43.122169494628906,444c8c3f7ad61b4fd58070709093a20dd8ba9719e102a015d3583b3d48d95d3e,1.0,0.7858735918998718,0.6118251085281372,0.3553605377674103,0.2618909776210785,0.12416132539510727,0.07396519929170609,0.0,0.0,0.10000000149011612,0.20000000298023224,0.4000000059604645,0.5,0.699999988079071,0.800000011920929,1.0,0.0,0.48968398571014404,0.0,0.0,0.0,0.0,0.0,0.33909672498703003,0.0833333358168602,0.5833333134651184,0.25,0.8333333134651184,0.0,0.5,1.0,0.3333333432674408,0.980300784111023,0.8666666746139526,0.3333333432674408
trial_007_ep1_task166,7,166,0.999,low,14,False,14,0.0,0.0,2.705519571496686,6,27,27,43.12191390991211,49ddd676d855c5754e7205085f98c9a410d7a596941f5a845e70e151bc9ad494,1.0,0.7858735918998718,0.6118251085281372,0.3553605377674103,0.2618909776210785,0.12416132539510727,0.07396519929170609,0.0,0.0,0.10000000149011612,0.20000000298023224,0.4000000059604645,0.5,0.699999988079071,0.800000011920929,1.0,0.0,0.0,0.0,0.0,0.0,0.0,0.0,0.0,0.0833333358168602,0.5833333134651184,0.25,0.8333333134651184,0.0,0.5,1.0,0.3333333432674408,0.07770580798387527,1.0,0.6666666865348816
trial_007_ep1_task169,7,169,0.9999,low,8,False,8,0.0,0.0,1.5680351881135433,6,26,27,43.1218376159668,f3900111c3aeaad50143244fe14f66e9081a5ef3d45094dfefb0a257f7ee12b6,1.0,0.7858735918998718,0.6118251085281372,0.3553605377674103,0.2618909776210785,0.12416132539510727,0.07396519929170609,0.0,0.0,0.10000000149011612,0.20000000298023224,0.4000000059604645,0.5,0.699999988079071,0.800000011920929,1.0,0.0,0.0,0.0,0.0,0.0,0.0,0.0,0.0,0.0833333358168602,0.5833333134651184,0.25,0.8333333134651184,0.0,0.5,1.0,0.3333333432674408,0.002737042959779501,0.5111111402511597,1.0
trial_007_ep1_task171,7,171,0.999,low,25,False,25,0.0,0.0,0.9804058047651185,5,9,27,43.12173080444336,473a8bc47908da46954ca44ab5a85455d5631058c503b94336dda296dd50d58f,1.0,0.7858735918998718,0.6118251085281372,0.3553605377674103,0.2618909776210785,0.12416132539510727,0.07396519929170609,0.0,0.0,0.10000000149011612,0.20000000298023224,0.4000000059604645,0.5,0.699999988079071,0.800000011920929,1.0,0.0,0.0,0.0,0.0,0.0,0.0,0.0,0.0,0.0833333358168602,0.5833333134651184,0.25,0.8333333134651184,0.0,0.5,1.0,0.3333333432674408,0.34209343791007996,0.20000000298023224,0.6666666865348816
trial_007_ep1_task173,7,173,0.9,medium,28,False,28,1.5487700036519945,1.5187382698253677,1.0093077176162633,5,20,27,43.121700286865234,6e2e07cc10c62e57def901782f35c9639c0fa40708579fdf00d677d1a9288641,1.0,0.7858735918998718,0.6118251085281372,0.3553605377674103,0.2618909776210785,0.12416132539510727,0.07396519929170609,0.0,0.0,0.10000000149011612,0.20000000298023224,0.4000000059604645,0.5,0.699999988079071,0.800000011920929,1.0,0.0,0.0,0.2751966416835785,0.0,0.0,0.0,0.0,0.007451984565705061,0.0833333358168602,0.5833333134651184,0.25,0.8333333134651184,0.0,0.5,1.0,0.3333333432674408,0.8088034987449646,0.15555556118488312,0.0
trial_007_ep1_task174,7,174,0.9999,low,8,False,8,0.0,0.0,2.335414217550087,6,24,27,43.12207794189453,354963c67985fb145500ee7f39984deba365f87f6b2ca1db00d0837aca6e9e68,1.0,0.7858735918998718,0.6118251085281372,0.3553605377674103,0.2618909776210785,0.12416132539510727,0.07396519929170609,0.0,0.0,0.10000000149011612,0.20000000298023224,0.4000000059604645,0.5,0.699999988079071,0.800000011920929,1.0,0.0,0.0,0.0,0.0,0.0,0.0,0.0,0.0,0.0833333358168602,0.5833333134651184,0.25,0.8333333134651184,0.0,0.5,1.0,0.3333333432674408,0.6374951004981995,0.7111111283302307,1.0
trial_007_ep1_task175,7,175,0.9,high,28,False,28,3.494901488086843,2.17713763176428,2.215022430728186,5,9,27,43.121768951416016,243aaca98a9b88c8d27dbe21d6f2a973d45f6e4ec6c470eed123d971b4fb8b62,1.0,0.7858735918998718,0.6118251085281372,0.3553605377674103,0.2618909776210785,0.12416132539510727,0.07396519929170609,0.0,0.0,0.10000000149011612,0.20000000298023224,0.4000000059604645,0.5,0.699999988079071,0.800000011920929,1.0,0.0,0.0,0.0,0.0,0.3524508774280548,0.0,0.0,0.24780413508415222,0.0833333358168602,0.5833333134651184,0.25,0.8333333134651184,0.0,0.5,1.0,0.3333333432674408,0.013037731871008873,0.7333333492279053,0.0
trial_007_ep1_task180,7,180,0.99,medium,26,False,26,0.06960561879969873,0.06960561879969873,1.9220509595315418,6,24,27,43.12175750732422,0c92171f8daf77d08da904de75671ed3fcd5b2a9d4588c4b9db97a2c2fa8e34c,1.0,0.7858735918998718,0.6118251085281372,0.3553605377674103,0.2618909776210785,0.12416132539510727,0.07396519929170609,0.0,0.0,0.10000000149011612,0.20000000298023224,0.4000000059604645,0.5,0.699999988079071,0.800000011920929,1.0,0.0,0.0,0.0,0.0,0.0,0.0,0.0,0.0171037744730711,0.0833333358168602,0.5833333134651184,0.25,0.8333333134651184,0.0,0.5,1.0,0.3333333432674408,0.31076857447624207,0.6000000238418579,0.3333333432674408
trial_007_ep1_task181,7,181,0.9,medium,28,False,28,1.225722615363778,0.9600407142314187,1.9889980779914374,6,25,27,43.121726989746094,7b602f8880037c86eff40d1c594eeb0ff3d8f979d878f676d03deafbebfa8748,1.0,0.7858735918998718,0.6118251085281372,0.3553605377674103,0.2618909776210785,0.12416132539510727,0.07396519929170609,0.0,0.0,0.10000000149011612,0.20000000298023224,0.4000000059604645,0.5,0.699999988079071,0.800000011920929,1.0,0.0,0.0,0.0,0.0,0.19355501234531403,0.0,0.0,0.06228357180953026,0.0833333358168602,0.5833333134651184,0.25,0.8333333134651184,0.0,0.5,1.0,0.3333333432674408,0.3446628153324127,0.6222222447395325,0.0
trial_007_ep1_task182,7,182,0.9,medium,28,False,28,1.4237481122835556,0.8093810919395457,1.4797734665500404,6,15,27,43.121700286865234,3e93017a77139b7c8ebd2e96d03487029eeda3d361735b4f683431b86e5d92fa,1.0,0.7858735918998718,0.6118251085281372,0.3553605377674103,0.2618909776210785,0.12416132539510727,0.07396519929170609,0.0,0.0,0.10000000149011612,0.20000000298023224,0.4000000059604645,0.5,0.699999988079071,0.800000011920929,1.0,0.0,0.0,0.0,0.0,0.0,0.16829214990139008,0.13314220309257507,0.0,0.0833333358168602,0.5833333134651184,0.25,0.8333333134651184,0.0,0.5,1.0,0.3333333432674408,0.5262135863304138,0.35555556416511536,0.0
trial_007_ep1_task183,7,183,0.999,medium,21,False,21,1.0291227132022636,0.6120683923988997,1.3394946759848414,6,18,27,43.121829986572266,f91314cedcc9beb6a19ac3a61667b2f6697570b57799494fa6ebf20883006aea,1.0,0.7858735918998718,0.6118251085281372,0.3553605377674103,0.2618909776210785,0.12416132539510727,0.07396519929170609,0.0,0.0,0.10000000149011612,0.20000000298023224,0.4000000059604645,0.5,0.699999988079071,0.800000011920929,1.0,0.0,0.0,0.0,0.0,0.0,0.13271017372608185,0.09441910684108734,0.0,0.0833333358168602,0.5833333134651184,0.25,0.8333333134651184,0.0,0.5,1.0,0.3333333432674408,0.24565601348876953,0.35555556416511536,0.6666666865348816
trial_007_ep1_task185,7,185,0.9,medium,28,False,28,6.194135023970123,1.3010955826036934,1.874759423584817,6,25,27,43.121944427490234,fbd4b499b55c9f7ca6c9f5be7bda4e816e9f55ddb9b0d4b75757a15c9679c85d,1.0,0.7858735918998718,0.6118251085281372,0.3553605377674103,0.2618909776210785,0.12416132539510727,0.07396519929170609,0.0,0.0,0.10000000149011612,0.20000000298023224,0.4000000059604645,0.5,0.699999988079071,0.800000011920929,1.0,0.0,0.0,0.24543899297714233,0.19558551907539368,0.21780380606651306,0.2198055535554886,0.17610464990139008,0.17094312608242035,0.0833333358168602,0.5833333134651184,0.25,0.8333333134651184,0.0,0.5,1.0,0.3333333432674408,0.3872579336166382,0.35555556416511536,0.0
trial_007_ep1_task186,7,186,0.9,medium,28,False,28,0.17039411756415834,0.17039411756415834,2.331644943245588,5,16,27,43.12187576293945,25941b60571b1eb214ac9fb2f9a0ac086c3faf187fb69fbf4b681b368f5e2321,1.0,0.7858735918998718,0.6118251085281372,0.3553605377674103,0.2618909776210785,0.12416132539510727,0.07396519929170609,0.0,0.0,0.10000000149011612,0.20000000298023224,0.4000000059604645,0.5,0.699999988079071,0.800000011920929,1.0,0.0,0.0,0.0,0.0,0.0,0.040858037769794464,0.0,0.0,0.0833333358168602,0.5833333134651184,0.25,0.8333333134651184,0.0,0.5,1.0,0.3333333432674408,0.9573349952697754,0.6666666865348816,0.0
trial_007_ep1_task187,7,187,0.9999,medium,18,False,18,0.33115389779656335,0.33115389779656335,0.7320206353519283,5,25,27,43.121803283691406,a05680b8032d1fd40be2653183e52150579148c199a6ceba4298764e56951bca,1.0,0.7858735918998718,0.6118251085281372,0.3553605377674103,0.2618909776210785,0.12416132539510727,0.07396519929170609,0.0,0.0,0.10000000149011612,0.20000000298023224,0.4000000059604645,0.5,0.699999988079071,0.800000011920929,1.0,0.0,0.0,0.07645858824253082,0.0,0.0,0.0,0.0,0.0,0.0833333358168602,0.5833333134651184,0.25,0.8333333134651184,0.0,0.5,1.0,0.3333333432674408,0.2548835873603821,0.1111111119389534,1.0
trial_007_ep1_task188,7,188,0.99,low,28,False,28,0.0,0.0,0.8399945248476021,5,8,27,43.121421813964844,16fbdf16120a80a918c122cbde1d847cef5b96de350286e14df442d4c71f2a47,1.0,0.7858735918998718,0.6118251085281372,0.3553605377674103,0.2618909776210785,0.12416132539510727,0.07396519929170609,0.0,0.0,0.10000000149011612,0.20000000298023224,0.4000000059604645,0.5,0.699999988079071,0.800000011920929,1.0,0.0,0.0,0.0,0.0,0.0,0.0,0.0,0.0,0.0833333358168602,0.5833333134651184,0.25,0.8333333134651184,0.0,0.5,1.0,0.3333333432674408,0.05924100801348686,0.17777778208255768,0.3333333432674408
trial_007_ep1_task189,7,189,0.9,low,28,False,28,0.0,0.0,1.5765700109731928,5,23,27,43.12166976928711,a80f7181f0018b3f380f55a4b63512b0e51072cb4e9b0cde767761fcbbbaf58d,1.0,0.7858735918998718,0.6118251085281372,0.3553605377674103,0.2618909776210785,0.12416132539510727,0.07396519929170609,0.0,0.0,0.10000000149011612,0.20000000298023224,0.4000000059604645,0.5,0.699999988079071,0.800000011920929,1.0,0.0,0.0,0.0,0.0,0.0,0.0,0.0,0.0,0.0833333358168602,0.5833333134651184,0.25,0.8333333134651184,0.0,0.5,1.0,0.3333333432674408,0.6626407504081726,0.4000000059604645,0.0
trial_007_ep1_task193,7,193,0.9,medium,28,False,28,1.8463573482504096,0.828219262771692,0.7829019089767194,5,25,27,43.12155532836914,5736d8fc9fb7cf433b5818265e1b729fef90efc17269fa3286e647437b3e35bf,1.0,0.7858735918998718,0.6118251085281372,0.3553605377674103,0.2618909776210785,0.12416132539510727,0.07396519929170609,0.0,0.0,0.10000000149011612,0.20000000298023224,0.4000000059604645,0.5,0.699999988079071,0.800000011920929,1.0,0.0,0.0,0.0,0.0,0.17153720557689667,0.10280240327119827,0.06605379283428192,0.064745232462883,0.0833333358168602,0.5833333134651184,0.25,0.8333333134651184,0.0,0.5,1.0,0.3333333432674408,0.3593252897262573,0.08888889104127884,0.0
trial_007_ep1_task194,7,194,0.9,medium,28,False,28,0.0720579209506963,0.0720579209506963,2.721463263875349,6,25,27,43.12180709838867,5978a146a5aabaf3162fdf0c7c2d647e1b4fbcf0dd1541b2c9792b640a6be8a3,1.0,0.7858735918998718,0.6118251085281372,0.3553605377674103,0.2618909776210785,0.12416132539510727,0.07396519929170609,0.0,0.0,0.10000000149011612,0.20000000298023224,0.4000000059604645,0.5,0.699999988079071,0.800000011920929,1.0,0.0,0.0,0.0,0.0,0.0,0.017695700749754906,0.0,0.0,0.0833333358168602,0.5833333134651184,0.25,0.8333333134651184,0.0,0.5,1.0,0.3333333432674408,0.5095931887626648,0.9111111164093018,0.0
trial_007_ep1_task195,7,195,0.99,high,27,False,27,4.693345354311902,2.4760242097755905,1.5904469773065488,6,11,27,43.12187576293945,2c0214f5b89e7d0b1e94e9dc1f5a8eb54979e9df268ff126c0dd8fe59d40563e,1.0,0.7858735918998718,0.6118251085281372,0.3553605377674103,0.2618909776210785,0.12416132539510727,0.07396519929170609,0.0,0.0,0.10000000149011612,0.20000000298023224,0.4000000059604645,0.5,0.699999988079071,0.800000011920929,1.0,0.0,0.0,0.0,0.0,0.0,0.3823370933532715,0.356636106967926,0.0,0.0833333358168602,0.5833333134651184,0.25,0.8333333134651184,0.0,0.5,1.0,0.3333333432674408,0.14756062626838684,0.4888888895511627,0.3333333432674408
